location,category_name,item_name,gross_sales,net_sales,amount_sold,discounts,avg_item_size
VF,Uncategorized,Athena Lace Maxi 2 alba,1044.00,1044.00,3,0.00,348.00
VF,Uncategorized,Athena Lace Maxi 8  alba,1044.00,1044.00,3,0.00,348.00
VF,Uncategorized,Elsa Corset Midi Narnia 2 ,1044.00,1044.00,3,0.00,348.00
VF,Uncategorized,Viola Lace Maxi white 0,1044.00,1044.00,3,0.00,348.00
VF,Uncategorized,Viola Lace Maxi white 2,1392.00,1044.00,4,0.00,348.00
VF,Uncategorized,Casey Midi 0 moonstone,1040.00,1040.00,5,0.00,208.00
VF,Uncategorized,Elsa Corset Midi Narnia 6 ,1044.00,1026.60,3,-17.40,342.20
VF,Uncategorized,Mariella Mini 8  Rain,948.00,948.00,6,0.00,158.00
VF,Uncategorized,Willow Maxi 2 Sapphire,912.00,912.00,4,0.00,228.00
VF,Uncategorized,Willow Maxi 6 Sapphire,912.00,912.00,4,0.00,228.00
VF,Uncategorized,Willow Maxi 8 Sapphire,912.00,912.00,4,0.00,228.00
VF,Uncategorized,Nova Midi Parfait 2 ,894.00,894.00,3,0.00,298.00
VF,Uncategorized,Valerie Maxi Love letter 2 ,862.00,862.00,4,0.00,215.50
VF,Uncategorized,Valerie Maxi blue jay 4 ,832.00,832.00,4,0.00,208.00
VF,Uncategorized,Zoe Midi 0 winter,832.00,832.00,4,0.00,208.00
VF,Uncategorized,Lila Maxi aster 2 ,872.00,828.40,4,-43.60,207.10
VF,Uncategorized,Peyton Midi Chateau 4,1090.00,828.40,5,-43.60,207.10
VF,Uncategorized,Valerie Maxi blue jay 2 ,832.00,790.40,4,-41.60,197.60
VF,Uncategorized,Val Midi 4  moonlit,832.00,780.00,4,-52.00,195.00
VF,Uncategorized,Everly Mini Swan 2,752.00,752.00,4,0.00,188.00
VF,Uncategorized,Everly Mini Swan 4,752.00,723.80,4,-28.20,180.95
VF,Uncategorized,Everly Mini Verona 2,712.00,712.00,4,0.00,178.00
VF,Uncategorized,Athena Lace Maxi 0 alba,696.00,696.00,2,0.00,348.00
VF,Uncategorized,Athena Lace Maxi 6  alba,696.00,696.00,2,0.00,348.00
VF,Uncategorized,Elsa Corset Midi Narnia 0 ,696.00,696.00,2,0.00,348.00
VF,Uncategorized,Viola Lace Maxi white 10 ,696.00,696.00,2,0.00,348.00
VF,Uncategorized,Viola Lace Maxi white 4 ,696.00,696.00,2,0.00,348.00
VF,Uncategorized,Everly Mini Swan 0,752.00,695.60,4,-56.40,173.90
VF,Uncategorized,Mimi Maxi 2  wallflower ,684.00,684.00,3,0.00,228.00
VF,Uncategorized,Willow Maxi 2 Buttercream ,684.00,684.00,3,0.00,228.00
VF,Uncategorized,Willow Maxi 4 Sapphire,684.00,684.00,3,0.00,228.00
VF,Uncategorized,Viola Lace Maxi white 6 ,696.00,678.60,2,-17.40,339.30
VF,Uncategorized,Malia Lace Maxi 0 Black Lace,676.00,676.00,2,0.00,338.00
VF,Uncategorized,Chun Li Mini 0  Rouge,672.00,672.00,4,0.00,168.00
VF,Uncategorized,Lila Maxi aster 0 ,654.00,654.00,3,0.00,218.00
VF,Uncategorized,Lila Maxi aster 8 ,654.00,654.00,3,0.00,218.00
VF,Uncategorized,Peyton Midi Chateau 6,654.00,654.00,3,0.00,218.00
VF,Uncategorized,Valerie Maxi Love letter 4 ,654.00,654.00,3,0.00,218.00
VF,Uncategorized,Sedona Midi 4 Naples,654.00,643.10,3,-10.90,214.37
VF,Uncategorized,Evangeline Maxi 0  baby blue,624.00,624.00,3,0.00,208.00
VF,Uncategorized,Nora Midi palermo 0,624.00,624.00,3,0.00,208.00
VF,Uncategorized,Rosalanh Midi 0  cherry ,624.00,624.00,3,0.00,208.00
VF,Uncategorized,Sedona Midi 8  black,624.00,624.00,3,0.00,208.00
VF,Uncategorized,Val Midi 6  moonlit,624.00,624.00,3,0.00,208.00
VF,Uncategorized,Val Midi 8  Black chiffon,624.00,624.00,3,0.00,208.00
VF,Uncategorized,Val Midi 8  moonlit,624.00,624.00,3,0.00,208.00
VF,Uncategorized,Valerie Maxi White 4 ,624.00,624.00,3,0.00,208.00
VF,Uncategorized,Valerie Maxi White 6 ,624.00,624.00,3,0.00,208.00
VF,Uncategorized,Windellia Midi 4  Black,654.00,621.30,3,-32.70,207.10
VF,Uncategorized,Quinn Maxi Kyoto 4 ,624.00,603.20,3,-20.80,201.07
VF,Uncategorized,Solstice Two-Piece Mini aster 2 ,594.00,594.00,3,0.00,198.00
VF,Uncategorized,Solstice Two-Piece Mini aster 4 ,594.00,594.00,3,0.00,198.00
VF,Uncategorized,Solstice Two-Piece Mini aster 8 ,792.00,594.00,4,0.00,198.00
VF,Uncategorized,Suki Pleated Mini picnic  2,792.00,594.00,4,0.00,198.00
VF,Uncategorized,Val Midi 4  white,624.00,582.40,3,-41.60,194.13
VF,Uncategorized,Val Midi 4  Fuzzy peach,594.00,574.20,3,-19.80,191.40
VF,Uncategorized,Everly Mini Verona 0,534.00,534.00,3,0.00,178.00
VF,Uncategorized,Everly Mini Verona 4,534.00,534.00,3,0.00,178.00
VF,Uncategorized,Faith Mini Snow 4,504.00,504.00,3,0.00,168.00
VF,Uncategorized,Nalea Mini 2,504.00,504.00,3,0.00,168.00
VF,Uncategorized,Peony Mini  Blanc 6 ,504.00,504.00,3,0.00,168.00
VF,Uncategorized,Peony Mini  Rouge 4 ,504.00,504.00,3,0.00,168.00
VF,Uncategorized,Faith Mini Snow 2,504.00,487.20,3,-16.80,162.40
VF,Uncategorized,Celeste Maxi Glaciers  0 ,476.00,476.00,2,0.00,238.00
VF,Uncategorized,Celeste Maxi Glaciers  2 ,476.00,476.00,2,0.00,238.00
VF,Uncategorized,Avery Mini Black 6 ,474.00,474.00,3,0.00,158.00
VF,Uncategorized,Mariella Mini 4  Rain,474.00,474.00,3,0.00,158.00
VF,Uncategorized,Aphrodite Maxi Crimson lace 6 ,456.00,456.00,2,0.00,228.00
VF,Uncategorized,Kiran Maxi Cherry Stems  4 ,456.00,456.00,2,0.00,228.00
VF,Uncategorized,Kiran Maxi Cherry Stems  8 ,456.00,456.00,2,0.00,228.00
VF,Uncategorized,Willow Maxi 4 Buttercream ,456.00,456.00,2,0.00,228.00
VF,Uncategorized,Kroesna Midi Clover 0 ,436.00,436.00,2,0.00,218.00
VF,Uncategorized,Kroesna Midi Clover 2 ,436.00,436.00,2,0.00,218.00
VF,Uncategorized,Lila Maxi aster 14 ,436.00,436.00,2,0.00,218.00
VF,Uncategorized,Lila Maxi aster 4 ,654.00,436.00,3,0.00,218.00
VF,Uncategorized,Lila Maxi aster 6 ,436.00,436.00,2,0.00,218.00
VF,Uncategorized,Morganite Maxi 4  Blue Bird,436.00,436.00,2,0.00,218.00
VF,Uncategorized,Morganite Maxi 8  Blue Bird,436.00,436.00,2,0.00,218.00
VF,Uncategorized,Peyton Midi Chateau 10 ,436.00,436.00,2,0.00,218.00
VF,Uncategorized,Peyton Midi Chateau 12 ,436.00,436.00,2,0.00,218.00
VF,Uncategorized,Peyton Midi Chateau 8,436.00,436.00,2,0.00,218.00
VF,Uncategorized,Quinn Maxi Kyoto 0 ,436.00,436.00,2,0.00,218.00
VF,Uncategorized,Quinn Maxi Kyoto 8 ,436.00,436.00,2,0.00,218.00
VF,Uncategorized,Sedona Midi 2 Naples,436.00,436.00,2,0.00,218.00
VF,Uncategorized,Tabitha Maxi 0  Crimson ,436.00,436.00,2,0.00,218.00
VF,Uncategorized,Valerie Maxi Love letter 0 ,436.00,436.00,2,0.00,218.00
VF,Uncategorized,Valerie Maxi Love letter 6 ,436.00,436.00,2,0.00,218.00
VF,Uncategorized,Windellia Midi 2  Black,436.00,436.00,2,0.00,218.00
VF,Uncategorized,Windellia Midi 6  Black,436.00,436.00,2,0.00,218.00
VF,Uncategorized,Ivanna Dress 0  Blue flora,534.00,427.20,3,-106.80,142.40
VF,Uncategorized,Casey Midi 2 moonstone,416.00,416.00,2,0.00,208.00
VF,Uncategorized,Casey Midi 4 moonstone,416.00,416.00,2,0.00,208.00
VF,Uncategorized,Casey Midi 6 moonstone,416.00,416.00,2,0.00,208.00
VF,Uncategorized,Evangeline Maxi 10  baby blue,416.00,416.00,2,0.00,208.00
VF,Uncategorized,Evangeline Maxi 2  baby blue,416.00,416.00,2,0.00,208.00
VF,Uncategorized,Evangeline Maxi 4  baby blue,416.00,416.00,2,0.00,208.00
VF,Uncategorized,Evangeline Maxi 6  baby blue,416.00,416.00,2,0.00,208.00
VF,Uncategorized,Ivy Midi 4  Yellow star,416.00,416.00,2,0.00,208.00
VF,Uncategorized,Kona midi Mauka  6 ,416.00,416.00,2,0.00,208.00
VF,Uncategorized,Morganite Maxi 12 Black ,416.00,416.00,2,0.00,208.00
VF,Uncategorized,Morganite Maxi 4  Black ,416.00,416.00,2,0.00,208.00
VF,Uncategorized,Rosalanh Midi 14  Black,416.00,416.00,2,0.00,208.00
VF,Uncategorized,Rosalanh Midi 4  Black,416.00,416.00,2,0.00,208.00
VF,Uncategorized,Rosalanh Midi 6  cherry ,416.00,416.00,2,0.00,208.00
VF,Uncategorized,Sedona Midi 0 black,416.00,416.00,2,0.00,208.00
VF,Uncategorized,Sedona Midi 14  black,416.00,416.00,2,0.00,208.00
VF,Uncategorized,Sedona Midi 4 black,416.00,416.00,2,0.00,208.00
VF,Uncategorized,Val Midi 0  white,416.00,416.00,2,0.00,208.00
VF,Uncategorized,Val Midi 12 moonlit,416.00,416.00,2,0.00,208.00
VF,Uncategorized,Val Midi 6  white,416.00,416.00,2,0.00,208.00
VF,Uncategorized,Valerie Maxi Sunset  10 ,416.00,416.00,2,0.00,208.00
VF,Uncategorized,Valerie Maxi Sunset  12,416.00,416.00,2,0.00,208.00
VF,Uncategorized,Valerie Maxi blue jay 6 ,624.00,416.00,3,0.00,208.00
VF,Uncategorized,Valerie Maxi blue jay 8 ,416.00,416.00,2,0.00,208.00
VF,Uncategorized,Zoe Midi 4 winter,416.00,416.00,2,0.00,208.00
VF,Uncategorized,Kona midi Mauka  0 ,416.00,405.60,2,-10.40,202.80
VF,Uncategorized,Chun Li Dress Red Blossom 4 ,396.00,396.00,2,0.00,198.00
VF,Uncategorized,Lane Mini 10 Indigo,396.00,396.00,2,0.00,198.00
VF,Uncategorized,Mai Linh Midi Iris cream  6,396.00,396.00,2,0.00,198.00
VF,Uncategorized,Solstice Two-Piece Mini aster 6 ,396.00,396.00,2,0.00,198.00
VF,Uncategorized,Valencia Midi 12 Plum,396.00,396.00,2,0.00,198.00
VF,Uncategorized,Sedona Midi 6  Naples,436.00,392.40,2,-43.60,196.20
VF,Uncategorized,Quinn Maxi Kyoto 2 ,426.00,384.40,2,-41.60,192.20
VF,Uncategorized,Cape Cod Midi 4  Green ,376.00,376.00,2,0.00,188.00
VF,Uncategorized,Poinsettia Midi 2  red ,376.00,376.00,2,0.00,188.00
VF,Uncategorized,Morganite Maxi 14 Black ,416.00,374.40,2,-41.60,187.20
VF,Uncategorized,Quinn Dress Citronella 2 ,416.00,374.40,2,-41.60,187.20
VF,Uncategorized,Rosalanh Midi 6  Black,416.00,374.40,2,-41.60,187.20
VF,Uncategorized,Valerie Maxi blue jay 0 ,416.00,374.40,2,-41.60,187.20
VF,Uncategorized,Zoey Midi Wailea 8 ,416.00,374.40,2,-41.60,187.20
VF,Uncategorized,Everly Mini Swan 6,376.00,366.60,2,-9.40,183.30
VF,Uncategorized,Val Midi 0  High tea,396.00,356.40,2,-39.60,178.20
VF,Uncategorized,Valerie Maxi Black chiffon 4 ,416.00,353.60,2,-62.40,176.80
VF,Uncategorized,Elsa Corset Midi Narnia 4 ,348.00,348.00,1,0.00,348.00
VF,Uncategorized,Elsa Corset Midi Narnia 8,348.00,348.00,1,0.00,348.00
VF,Uncategorized,Adele Mini  6  Crimson ,336.00,336.00,2,0.00,168.00
VF,Uncategorized,Chun Li Mini 2  Rouge,336.00,336.00,2,0.00,168.00
VF,Uncategorized,Faith Mini Snow 0,336.00,336.00,2,0.00,168.00
VF,Uncategorized,Nalea Mini 4,336.00,336.00,2,0.00,168.00
VF,Uncategorized,Peony Mini  Rouge 6 ,336.00,336.00,2,0.00,168.00
VF,Uncategorized,Pixie Mini Nightfall 2 ,336.00,336.00,2,0.00,168.00
VF,Uncategorized,Pixie Mini Nightfall 4 ,336.00,336.00,2,0.00,168.00
VF,Uncategorized,Pixie Mini Nightfall 6 ,336.00,336.00,2,0.00,168.00
VF,Uncategorized,Everly Mini Verona 6,356.00,329.30,2,-26.70,164.65
VF,Uncategorized,Peony Mini  Black chiffon 0 ,316.00,316.00,2,0.00,158.00
VF,Uncategorized,Gift Card,400.00,300.00,2,-100.00,150.00
VF,Uncategorized,Geanna Corset Midi Red Roses  0,298.00,298.00,1,0.00,298.00
VF,Uncategorized,Geanna Corset Midi Red Roses  6 ,298.00,298.00,1,0.00,298.00
VF,Uncategorized,Joelle Maxi 0  Sandstorm,298.00,298.00,1,0.00,298.00
VF,Uncategorized,Joelle Maxi 2  Autumn,298.00,298.00,1,0.00,298.00
VF,Uncategorized,Joelle Maxi 2  Sandstorm,298.00,298.00,1,0.00,298.00
VF,Uncategorized,Nova Midi Parfait 0 ,298.00,298.00,1,0.00,298.00
VF,Uncategorized,Nova Midi Parfait 10 ,298.00,298.00,1,0.00,298.00
VF,Uncategorized,Nova Midi Parfait 4 ,298.00,298.00,1,0.00,298.00
VF,Uncategorized,Nova Midi Parfait 6 ,298.00,298.00,1,0.00,298.00
VF,Uncategorized,Nova Midi Parfait 8 ,298.00,298.00,1,0.00,298.00
VF,Uncategorized,Mai Mini Kelp 2 ,296.00,296.00,2,0.00,148.00
VF,Uncategorized,Flower Arrangements,240.00,240.00,5,0.00,48.00
VF,Uncategorized,Celeste Maxi Glaciers  10 ,238.00,238.00,1,0.00,238.00
VF,Uncategorized,Celeste Maxi Glaciers  14 ,238.00,238.00,1,0.00,238.00
VF,Uncategorized,Aphrodite Maxi Black lace 6 ,228.00,228.00,1,0.00,228.00
VF,Uncategorized,Aphrodite Maxi Crimson lace 2 ,228.00,228.00,1,0.00,228.00
VF,Uncategorized,Aphrodite Maxi Crimson lace 4 ,228.00,228.00,1,0.00,228.00
VF,Uncategorized,Kira Maxi 2 Daisy,228.00,228.00,1,0.00,228.00
VF,Uncategorized,Kiran Maxi Cherry Stems  0 ,228.00,228.00,1,0.00,228.00
VF,Uncategorized,Kiran Maxi Cherry Stems  2 ,228.00,228.00,1,0.00,228.00
VF,Uncategorized,Kiran Maxi Cherry Stems  6 ,228.00,228.00,1,0.00,228.00
VF,Uncategorized,Mimi Maxi 4  wallflower ,228.00,228.00,1,0.00,228.00
VF,Uncategorized,Mimi Maxi 8  wallflower ,228.00,228.00,1,0.00,228.00
VF,Uncategorized,Solstice Two Peice Midi 0 Pink,228.00,228.00,1,0.00,228.00
VF,Uncategorized,Willow Maxi 0  Buttercream ,228.00,228.00,1,0.00,228.00
VF,Uncategorized,Willow Maxi 10 Buttercream ,228.00,228.00,1,0.00,228.00
VF,Uncategorized,Willow Maxi 12 Sapphire,228.00,228.00,1,0.00,228.00
VF,Uncategorized,Willow Maxi 8 Buttercream ,228.00,228.00,1,0.00,228.00
VF,Uncategorized,Guinevere Midi 4  Love story,218.00,218.00,1,0.00,218.00
VF,Uncategorized,Kroesna Midi Clover 8 ,218.00,218.00,1,0.00,218.00
VF,Uncategorized,Lila Maxi aster 12,218.00,218.00,1,0.00,218.00
VF,Uncategorized,Maiah Maxi Blush 6 ,218.00,218.00,1,0.00,218.00
VF,Uncategorized,Morganite Maxi 2  Blue Bird,218.00,218.00,1,0.00,218.00
VF,Uncategorized,Morganite Maxi 6  Blue Bird,218.00,218.00,1,0.00,218.00
VF,Uncategorized,Peyton Midi Jasmine 12 ,218.00,218.00,1,0.00,218.00
VF,Uncategorized,Quinn Maxi Kyoto 14 ,218.00,218.00,1,0.00,218.00
VF,Uncategorized,Sedona Midi 0 Naples,218.00,218.00,1,0.00,218.00
VF,Uncategorized,Sedona Midi 10  Naples,218.00,218.00,1,0.00,218.00
VF,Uncategorized,Sedona Midi 2 Milan ,218.00,218.00,1,0.00,218.00
VF,Uncategorized,Sedona Midi 4 Milan ,218.00,218.00,1,0.00,218.00
VF,Uncategorized,Tabitha Maxi 6  Crimson ,218.00,218.00,1,0.00,218.00
VF,Uncategorized,Tabitha Maxi 8  Crimson ,218.00,218.00,1,0.00,218.00
VF,Uncategorized,Valerie Maxi Love letter 10 ,218.00,218.00,1,0.00,218.00
VF,Uncategorized,Valerie Maxi Love letter 8 ,218.00,218.00,1,0.00,218.00
VF,Uncategorized,Arely Midi Watercolor 0 ,208.00,208.00,1,0.00,208.00
VF,Uncategorized,Casey Midi 10 moonstone,208.00,208.00,1,0.00,208.00
VF,Uncategorized,Charlie Midi Coal 0 ,208.00,208.00,1,0.00,208.00
VF,Uncategorized,Danisa Midi 10 Butterscotch,208.00,208.00,1,0.00,208.00
VF,Uncategorized,Daphene Midi Ube  4 ,208.00,208.00,1,0.00,208.00
VF,Uncategorized,Daphene Midi Ube  6 ,208.00,208.00,1,0.00,208.00
VF,Uncategorized,Delilah Midi 2  Cranberry,208.00,208.00,1,0.00,208.00
VF,Uncategorized,Evangeline Maxi 12 baby blue,208.00,208.00,1,0.00,208.00
VF,Uncategorized,Ivy Midi 6  Yellow star,208.00,208.00,1,0.00,208.00
VF,Uncategorized,Kona midi Mauka  8 ,208.00,208.00,1,0.00,208.00
VF,Uncategorized,Leilani Wrap Maxi 2  Dragonfly,208.00,208.00,1,0.00,208.00
VF,Uncategorized,Morganite Maxi 2  Black ,208.00,208.00,1,0.00,208.00
VF,Uncategorized,Nora Midi palermo 12 ,208.00,208.00,1,0.00,208.00
VF,Uncategorized,Nora Midi palermo 4,208.00,208.00,1,0.00,208.00
VF,Uncategorized,Quinn Dress Citronella 0 ,208.00,208.00,1,0.00,208.00
VF,Uncategorized,Quinn Dress Citronella 6 ,208.00,208.00,1,0.00,208.00
VF,Uncategorized,Quinn Dress Venice 0 ,208.00,208.00,1,0.00,208.00
VF,Uncategorized,Quinn Dress Venice 4 ,208.00,208.00,1,0.00,208.00
VF,Uncategorized,Quinn Dress Venice 6 ,208.00,208.00,1,0.00,208.00
VF,Uncategorized,Rosalanh Midi 12  Black,208.00,208.00,1,0.00,208.00
VF,Uncategorized,Rosalanh Midi 14  cherry ,208.00,208.00,1,0.00,208.00
VF,Uncategorized,Rosalanh Midi 4  cherry ,208.00,208.00,1,0.00,208.00
VF,Uncategorized,Rosalanh Midi 8  cherry ,208.00,208.00,1,0.00,208.00
VF,Uncategorized,Roselanh Midi 12  cherry ,208.00,208.00,1,0.00,208.00
VF,Uncategorized,Roselanh Midi 2  cherry ,208.00,208.00,1,0.00,208.00
VF,Uncategorized,SPECIAL ORDER Roselanh Midi Cherry Joyce cherry,208.00,208.00,1,0.00,208.00
VF,Uncategorized,Sedona Midi 10  black,208.00,208.00,1,0.00,208.00
VF,Uncategorized,Sedona Midi 6  black,208.00,208.00,1,0.00,208.00
VF,Uncategorized,Val Midi 0  moonlit,208.00,208.00,1,0.00,208.00
VF,Uncategorized,Val Midi 10 Black chiffon,208.00,208.00,1,0.00,208.00
VF,Uncategorized,Val Midi 12 white,208.00,208.00,1,0.00,208.00
VF,Uncategorized,Val Midi 14  white,208.00,208.00,1,0.00,208.00
VF,Uncategorized,Val Midi 2  Black Chiffon,208.00,208.00,1,0.00,208.00
VF,Uncategorized,Val Midi 2  moonlit,208.00,208.00,1,0.00,208.00
VF,Uncategorized,Valerie Maxi Sunset  14 ,208.00,208.00,1,0.00,208.00
VF,Uncategorized,Valerie Maxi Sunset  2 ,208.00,208.00,1,0.00,208.00
VF,Uncategorized,Valerie Maxi Sunset  6 ,208.00,208.00,1,0.00,208.00
VF,Uncategorized,Valerie Maxi blue jay 10 ,208.00,208.00,1,0.00,208.00
VF,Uncategorized,Valerie Maxi blue jay 12,208.00,208.00,1,0.00,208.00
VF,Uncategorized,Zoe Midi 10 winter,208.00,208.00,1,0.00,208.00
VF,Uncategorized,Zoe Midi 6 winter,208.00,208.00,1,0.00,208.00
VF,Uncategorized,Zoey Midi Wailea 14,208.00,208.00,1,0.00,208.00
VF,Uncategorized,Zoey Midi Wailea 2 ,208.00,208.00,1,0.00,208.00
VF,Uncategorized,Vintage Floral Dress 2 Mint,336.00,201.60,2,-134.40,100.80
VF,Uncategorized,Chantelle Midi Black chiffon 6 ,198.00,198.00,1,0.00,198.00
VF,Uncategorized,Chun Li Dress Blue Blossom 4 ,198.00,198.00,1,0.00,198.00
VF,Uncategorized,Chun Li Dress Red Blossom 6 ,198.00,198.00,1,0.00,198.00
VF,Uncategorized,Gabriella Midi 6  Stone blue,198.00,198.00,1,0.00,198.00
VF,Uncategorized,Lane Mini 2 Indigo,198.00,198.00,1,0.00,198.00
VF,Uncategorized,Solstice Two Piece Mini 0 Red,198.00,198.00,1,0.00,198.00
VF,Uncategorized,Solstice Two-Piece Mini aster 0 ,198.00,198.00,1,0.00,198.00
VF,Uncategorized,Solstice Two-Piece Mini aster 12,198.00,198.00,1,0.00,198.00
VF,Uncategorized,Suki Pleated Mini picnic  4,198.00,198.00,1,0.00,198.00
VF,Uncategorized,Suki Pleated Mini picnic  6,198.00,198.00,1,0.00,198.00
VF,Uncategorized,Val Midi 2  white,208.00,197.60,1,-10.40,197.60
VF,Uncategorized,Antique Rose Dress Dusk 2 ,188.00,188.00,1,0.00,188.00
VF,Uncategorized,Antique Rose Dress Dusk 4 ,188.00,188.00,1,0.00,188.00
VF,Uncategorized,Cheyenne Mini Vichy 0 ,188.00,188.00,1,0.00,188.00
VF,Uncategorized,Chun Li Mini 10 Brownstone ,188.00,188.00,1,0.00,188.00
VF,Uncategorized,Chun Li Mini 8  Brownstone ,188.00,188.00,1,0.00,188.00
VF,Uncategorized,Everly Mini Swan 12,188.00,188.00,1,0.00,188.00
VF,Uncategorized,Poinsettia Midi 4  red ,188.00,188.00,1,0.00,188.00
VF,Uncategorized,Sunshine Midi 4  Spring ,188.00,188.00,1,0.00,188.00
VF,Uncategorized,Tishelle Midi 2  Winter rose,188.00,188.00,1,0.00,188.00
VF,Uncategorized,Zoey Midi Wailea 4 ,208.00,187.20,1,-20.80,187.20
VF,Uncategorized,Aphrodite Maxi White lace 6 ,228.00,182.40,1,-45.60,182.40
VF,Uncategorized,Blue Blossom Dress Blue 4,198.00,178.20,1,-19.80,178.20
VF,Uncategorized,Madeline Tweed 4  Porcelain,198.00,178.20,1,-19.80,178.20
VF,Uncategorized,Peony Midi 0  Crimson ,198.00,178.20,1,-19.80,178.20
VF,Uncategorized,Val Midi 0  Rose splash,198.00,178.20,1,-19.80,178.20
VF,Uncategorized,Blue Daisy Midi 6  Denim,178.00,178.00,1,0.00,178.00
VF,Uncategorized,Ivanna Dress 6  Pink flora,178.00,178.00,1,0.00,178.00
VF,Uncategorized,Red Hollyhocks Midi red  6 ,178.00,178.00,1,0.00,178.00
VF,Uncategorized,Evangeline Maxi 14  baby blue,208.00,176.80,1,-31.20,176.80
VF,Uncategorized,Red Hollyhocks Midi red  4 ,178.00,169.10,1,-8.90,169.10
VF,Uncategorized,Jessie Mini Wildfire  2 ,168.00,168.00,1,0.00,168.00
VF,Uncategorized,Juniper Mini Buttercup 8 ,168.00,168.00,1,0.00,168.00
VF,Uncategorized,Nalea Mini 8,168.00,168.00,1,0.00,168.00
VF,Uncategorized,Peony Mini  Blanc 0 ,168.00,168.00,1,0.00,168.00
VF,Uncategorized,Peony Mini  Blanc 2 ,168.00,168.00,1,0.00,168.00
VF,Uncategorized,Peony Mini  Blanc 4 ,168.00,168.00,1,0.00,168.00
VF,Uncategorized,Peony Mini  Rouge 10,168.00,168.00,1,0.00,168.00
VF,Uncategorized,Peony Mini  Rouge 2 ,168.00,168.00,1,0.00,168.00
VF,Uncategorized,Peony Mini  Rouge 8  ,168.00,168.00,1,0.00,168.00
VF,Uncategorized,Pink Rose Mini 6  pink ,168.00,168.00,1,0.00,168.00
VF,Uncategorized,Pixie Mini Nightfall 0 ,168.00,168.00,1,0.00,168.00
VF,Uncategorized,Red Dots Midi 4  Red,168.00,168.00,1,0.00,168.00
VF,Uncategorized,Arely Midi Watercolor 4 ,208.00,166.40,1,-41.60,166.40
VF,Uncategorized,Zoe Midi 2 winter,208.00,166.40,1,-41.60,166.40
VF,Uncategorized,Crimson Floral Midi Crimson 4 ,178.00,160.20,1,-17.80,160.20
VF,Uncategorized,Cape Cod Midi 2  Green ,188.00,159.80,1,-28.20,159.80
VF,Uncategorized,Sunshine Midi 2  Spring ,188.00,159.80,1,-28.20,159.80
VF,Uncategorized,Wynola Lace 6  Black lace,228.00,159.60,1,-68.40,159.60
VF,Uncategorized,Mai Linh Midi Iris cream  8,198.00,158.40,1,-39.60,158.40
VF,Uncategorized,Val Midi 8  Cocoa,198.00,158.40,1,-39.60,158.40
VF,Uncategorized,Aanya Mini 4  Olive rose,158.00,158.00,1,0.00,158.00
VF,Uncategorized,Avery Mini Black 10,158.00,158.00,1,0.00,158.00
VF,Uncategorized,Avery Mini Black 12,158.00,158.00,1,0.00,158.00
VF,Uncategorized,Avery Mini Black 2 ,158.00,158.00,1,0.00,158.00
VF,Uncategorized,Avery Mini Black 8 ,158.00,158.00,1,0.00,158.00
VF,Uncategorized,Avery Mini Rose Quartz 4 ,158.00,158.00,1,0.00,158.00
VF,Uncategorized,Britt Mini Black  4 ,158.00,158.00,1,0.00,158.00
VF,Uncategorized,Britt Mini Black chiffon 0 ,158.00,158.00,1,0.00,158.00
VF,Uncategorized,Britt Mini Black chiffon 2 ,158.00,158.00,1,0.00,158.00
VF,Uncategorized,Britt Mini Black chiffon 6 ,158.00,158.00,1,0.00,158.00
VF,Uncategorized,Danielle Mini Twigs 8 ,158.00,158.00,1,0.00,158.00
VF,Uncategorized,Mariella Mini 0 Rain,158.00,158.00,1,0.00,158.00
VF,Uncategorized,Mariella Mini rain  0 ,158.00,158.00,1,0.00,158.00
VF,Uncategorized,Oliana Mini 10  Sunset ,158.00,158.00,1,0.00,158.00
VF,Uncategorized,Handmade Canvas Tote Set,152.00,152.00,4,0.00,38.00
VF,Uncategorized,Blue Daisy Midi 2  Denim,178.00,151.30,1,-26.70,151.30
VF,Uncategorized,Chun Li Mini 4  Brownstone ,188.00,150.40,1,-37.60,150.40
VF,Uncategorized,Avery Mini Black 4 ,158.00,150.10,1,-7.90,150.10
VF,Uncategorized,Britt Mini Raspberry 12,148.00,148.00,1,0.00,148.00
VF,Uncategorized,Maddison Mini FS Sun floral,148.00,148.00,1,0.00,148.00
VF,Uncategorized,Mai Mini Kelp 4 ,148.00,148.00,1,0.00,148.00
VF,Uncategorized,Adele Mini  0 northern sky,168.00,142.80,1,-25.20,142.80
VF,Uncategorized,Adele Mini  2  northern sky,168.00,142.80,1,-25.20,142.80
VF,Uncategorized,Ivanna Dress 2  Blue flora,178.00,142.40,1,-35.60,142.40
VF,Uncategorized,Ivanna Dress 4  Blue flora,178.00,142.40,1,-35.60,142.40
VF,Uncategorized,Aanya Mini 0  Olive rose,158.00,142.20,1,-15.80,142.20
VF,Uncategorized,Selena Mini 10  Sapphire Blossom,158.00,142.20,1,-15.80,142.20
VF,Uncategorized,Selena Mini 12  Sapphire Blossom,158.00,142.20,1,-15.80,142.20
VF,Uncategorized,Florence Midi Enchantia 2 ,198.00,138.60,1,-59.40,138.60
VF,Uncategorized,Amina Pleated Cotton Skirt Grey 0 ,138.00,138.00,1,0.00,138.00
VF,Uncategorized,Amina Pleated Cotton Skirt navy  2 ,138.00,138.00,1,0.00,138.00
VF,Uncategorized,Aanya Mini 2  Olive rose,158.00,126.40,1,-31.60,126.40
VF,Uncategorized,Wynola Lace 8  Black lace,228.00,114.00,1,-114.00,114.00
VF,Uncategorized,Sedona Midi 12 Black,102.36,102.36,1,0.00,102.36
VF,Uncategorized,Vintage Floral Dress 4 Mint,168.00,100.80,1,-67.20,100.80
VF,Uncategorized,Evon Mini 12 Lilac,158.00,94.80,1,-63.20,94.80
VF,Uncategorized,Rylee Mini Black chiffon 4 ,158.00,94.80,1,-63.20,94.80
VF,Uncategorized,Vintage Rose Dress Mint  4 ,158.00,94.80,1,-63.20,94.80
VF,Uncategorized,Vintage Rose Dress Mint  6 ,158.00,94.80,1,-63.20,94.80
VF,Uncategorized,Angelica Mini White  4 ,168.00,84.00,1,-84.00,84.00
VF,Uncategorized,GC Earrings,80.00,80.00,2,0.00,40.00
VF,Uncategorized,zara midi 6 lilac dream,78.65,78.65,1,0.00,78.65
VF,Uncategorized,Hair Accessories,60.00,60.00,5,0.00,12.00
VF,Uncategorized,GC Necklace,58.00,58.00,1,0.00,58.00
VF,Uncategorized,maddison starlight 0,54.69,54.69,1,0.00,54.69
VF,Uncategorized,Songbird Embroidery Dress Black 2 ,128.00,51.20,1,-76.80,51.20
VF,Uncategorized,GC Single Gold Plated Earring,56.00,49.70,4,-6.30,12.43
VF,Uncategorized,Willow Maxi 2 Sapphire,46.46,46.46,1,0.00,46.46
VF,Uncategorized,valencia midi 4 plum ex,40.00,40.00,1,0.00,40.00
VF,Uncategorized,LA Jewelry Necklace,34.00,34.00,1,0.00,34.00
VF,Uncategorized,"Florence Midi 4, Sonora Rose",21.88,21.88,1,0.00,21.88
VF,Uncategorized,Peyton Midi Chateau 14 ,218.00,17.27,1,-200.73,17.27
VF,Uncategorized,Sofia Mini 8 Brownstone,16.82,16.82,1,0.00,16.82
VF,Uncategorized,Custom Item,14.00,14.00,1,0.00,14.00
VF,Uncategorized,LA Ring,14.00,14.00,1,0.00,14.00
VF,Uncategorized,Solstice Jacket 8,20.00,1.58,1,-18.42,1.58
VF,Uncategorized,Chun Li Dress Pink Blossom 6 ,198.00,0.00,1,0.00,-
VF,Dresses,Elsa Corset Mini Frozen 4 ,1480.00,1480.00,5,0.00,296.00
VF,Dresses,Maiah Maxi Blush 4 ,1090.00,1057.30,5,-32.70,211.46
VF,Dresses,Guinevere Midi 4  Embrace,912.00,912.00,4,0.00,228.00
VF,Dresses,Guinevere Midi 6  Embrace,912.00,912.00,4,0.00,228.00
VF,Dresses,Willow Maxi 0  Sapphire,912.00,912.00,4,0.00,228.00
VF,Dresses,Bella Mini 2 Key Lime,890.00,890.00,5,0.00,178.00
VF,Dresses,Bella Mini 4 Key Lime,890.00,890.00,5,0.00,178.00
VF,Dresses,Maiah Maxi Blush 2 ,872.00,872.00,4,0.00,218.00
VF,Dresses,Solstice Two-Piece Midi 4  White,912.00,866.40,4,-45.60,216.60
VF,Dresses,Lila Maxi Mint  0 ,832.00,832.00,4,0.00,208.00
VF,Dresses,Morganite Maxi 0  Black ,832.00,832.00,4,0.00,208.00
VF,Dresses,Peyton Midi Chateau 2 ,872.00,828.40,4,-43.60,207.10
VF,Dresses,Val Midi 6  Cocoa,792.00,792.00,4,0.00,198.00
VF,Dresses,Valerie Maxi White 2 ,822.00,790.80,4,-31.20,197.70
VF,Dresses,Guinevere Midi 12 Embrace,684.00,684.00,3,0.00,228.00
VF,Dresses,Mimi Maxi 0  wallflower ,684.00,684.00,3,0.00,228.00
VF,Dresses,Guinevere Midi 0  Embrace,684.00,661.20,3,-22.80,220.40
VF,Dresses,Morganite Maxi 0  Blue Bird,654.00,654.00,3,0.00,218.00
VF,Dresses,Peyton Midi Chateau 0 ,654.00,654.00,3,0.00,218.00
VF,Dresses,Camille Maxi Sweet rose 2 ,636.00,636.00,2,0.00,318.00
VF,Dresses,Mia Lace Maxi 0  Antique White ,686.00,633.80,2,-52.20,316.90
VF,Dresses,Belvia Midi Carnelian 2 ,624.00,624.00,3,0.00,208.00
VF,Dresses,Danisa Midi 2  Butterscotch,624.00,624.00,3,0.00,208.00
VF,Dresses,Danisa Midi 6  Butterscotch,624.00,624.00,3,0.00,208.00
VF,Dresses,Lila Maxi Mint  4 ,624.00,624.00,3,0.00,208.00
VF,Dresses,Yasmine Midi Emerald 2 ,624.00,624.00,3,0.00,208.00
VF,Dresses,Valencia Midi 2  Plum,614.00,614.00,3,0.00,204.67
VF,Dresses,Valerie Maxi White 10 ,614.00,614.00,3,0.00,204.67
VF,Dresses,Windellia Midi 0  Blue Jay ,654.00,599.50,3,-54.50,199.83
VF,Dresses,Sofia Mini 0  Brownstone,594.00,594.00,3,0.00,198.00
VF,Dresses,Sofia Mini 4  Brownstone,594.00,594.00,3,0.00,198.00
VF,Dresses,Valentina Midi 2   Fern,594.00,594.00,3,0.00,198.00
VF,Dresses,Valencia Midi 4  Plum,614.00,572.40,3,-41.60,190.80
VF,Dresses,Valerie Maxi Fushia 0 ,594.00,554.40,3,-39.60,184.80
VF,Dresses,Bella Mini 0 Key Lime,534.00,534.00,3,0.00,178.00
VF,Dresses,Yasmine Midi Emerald 0 ,624.00,520.00,3,-104.00,173.33
VF,Dresses,Bella Mini 8 Key Lime,534.00,498.40,3,-35.60,166.13
VF,Dresses,Maddy Mini 2  Sorbet,594.00,475.20,3,-118.80,158.40
VF,Dresses,Peony Mini  Black chiffon 2 ,474.00,474.00,3,0.00,158.00
VF,Dresses,Guinevere Midi 8  Embrace,456.00,456.00,2,0.00,228.00
VF,Dresses,Katarina Corset Mini Juliet (red) 0 ,456.00,456.00,2,0.00,228.00
VF,Dresses,Katarina Corset Mini Juliet (red) 2 ,456.00,456.00,2,0.00,228.00
VF,Dresses,Katarina Corset Mini Venetian (brown) 4 ,456.00,456.00,2,0.00,228.00
VF,Dresses,Kira Maxi Milan 4,456.00,456.00,2,0.00,228.00
VF,Dresses,Solstice Two-Piece Midi 0  White,456.00,456.00,2,0.00,228.00
VF,Dresses,Guinevere Midi 14 Embrace,456.00,444.60,2,-11.40,222.30
VF,Dresses,Britt Mini Raspberry 4 ,444.00,444.00,3,0.00,148.00
VF,Dresses,Maiah Maxi Blush 0 ,654.00,436.00,3,0.00,218.00
VF,Dresses,Peyton Midi Jasmine 0 ,436.00,436.00,2,0.00,218.00
VF,Dresses,Windellia Midi 0  Matcha,436.00,436.00,2,0.00,218.00
VF,Dresses,Windellia Midi 2  Matcha,436.00,436.00,2,0.00,218.00
VF,Dresses,Kroesna Mini winter 4 ,594.00,435.60,3,-158.40,145.20
VF,Dresses,Britt Mini Raspberry 0 ,444.00,429.20,3,-14.80,143.07
VF,Dresses,Belvia Midi Carnelian 6 ,416.00,416.00,2,0.00,208.00
VF,Dresses,Callie Midi Jade 0 ,416.00,416.00,2,0.00,208.00
VF,Dresses,Callie Midi Jade 4 ,416.00,416.00,2,0.00,208.00
VF,Dresses,Valerie Maxi Black chiffon 14 ,416.00,416.00,2,0.00,208.00
VF,Dresses,Valerie Maxi Black chiffon 8 ,416.00,416.00,2,0.00,208.00
VF,Dresses,Florence Midi Enchantia 0 ,594.00,415.80,3,-178.20,138.60
VF,Dresses,Guinevere Midi 0  Love story,426.00,405.20,2,-20.80,202.60
VF,Dresses,Gabrielle Midi Begonias 0 ,396.00,396.00,2,0.00,198.00
VF,Dresses,Mai Linh Midi Grapevine 2,396.00,396.00,2,0.00,198.00
VF,Dresses,Val Midi 0  Cocoa,594.00,396.00,3,0.00,198.00
VF,Dresses,Valencia Midi 0  Plum,396.00,396.00,2,0.00,198.00
VF,Dresses,Valencia Midi 8  Plum,396.00,396.00,2,0.00,198.00
VF,Dresses,Valentina Midi 0  Fern,396.00,396.00,2,0.00,198.00
VF,Dresses,Windellia Midi 6  Matcha,436.00,392.40,2,-43.60,196.20
VF,Dresses,Valerie Maxi White 0 ,406.00,385.20,2,-20.80,192.60
VF,Dresses,Jessie Mini Blue Stars  6 ,376.00,376.00,2,0.00,188.00
VF,Dresses,Val Midi 4  Black chiffon,416.00,374.40,2,-41.60,187.20
VF,Dresses,Haven Lace Mini 8  Sangria ,456.00,364.80,2,-91.20,182.40
VF,Dresses,Miles Mini Azaleas 2 ,632.00,363.40,4,-268.60,90.85
VF,Dresses,Arwen Midi Daydream 0 ,396.00,356.40,2,-39.60,178.20
VF,Dresses,Arwen Maxi 6  Sparrow ,436.00,348.80,2,-87.20,174.40
VF,Dresses,Jessie Mini Scarlet Hearts 2 ,376.00,347.80,2,-28.20,173.90
VF,Dresses,Chun Li Mini 2  Brownstone ,376.00,338.40,2,-37.60,169.20
VF,Dresses,Malia Lace Maxi 2  Black Lace,338.00,338.00,1,0.00,338.00
VF,Dresses,Chloe Mini 0  Last Kiss ,336.00,336.00,2,0.00,168.00
VF,Dresses,Ivy Midi 0  Yellow star,416.00,332.80,2,-83.20,166.40
VF,Dresses,Miles Mini Azaleas 4 ,474.00,331.80,3,-142.20,110.60
VF,Dresses,Miles Mini Azaleas 6 ,474.00,331.80,3,-142.20,110.60
VF,Dresses,Camille Maxi Sweet rose 0 ,318.00,318.00,1,0.00,318.00
VF,Dresses,Mist Blue Midi 2 ,396.00,316.80,2,-79.20,158.40
VF,Dresses,Mist Blue Midi 4 ,396.00,316.80,2,-79.20,158.40
VF,Dresses,Aanya Mini 0  Teal,316.00,316.00,2,0.00,158.00
VF,Dresses,Megan Halter Mini 4  Mint rose,296.00,296.00,2,0.00,148.00
VF,Dresses,Evon Mini 2  Lilac,474.00,284.40,3,-189.60,94.80
VF,Dresses,Evon Mini 8  Lilac,474.00,284.40,3,-189.60,94.80
VF,Dresses,Geanna Corset Mini Smoky quartz 0 ,248.00,248.00,1,0.00,248.00
VF,Dresses,Geanna Corset Mini Smoky quartz 4 ,248.00,248.00,1,0.00,248.00
VF,Dresses,Penny Corset Mini 0  Snowflake,238.00,238.00,1,0.00,238.00
VF,Dresses,Brielle Mini 2  Cotton candy,474.00,237.00,3,-237.00,79.00
VF,Dresses,Divina Maxi 10  Afterglow ,228.00,228.00,1,0.00,228.00
VF,Dresses,Guinevere Midi 10 Embrace,228.00,228.00,1,0.00,228.00
VF,Dresses,Haven Lace Mini 4  Sangria ,228.00,228.00,1,0.00,228.00
VF,Dresses,Katarina Corset Mini Juliet (red) 4 ,228.00,228.00,1,0.00,228.00
VF,Dresses,Katarina Corset Mini Othello (black) 6 ,228.00,228.00,1,0.00,228.00
VF,Dresses,Katarina Corset Mini Venetian (brown) 2 ,228.00,228.00,1,0.00,228.00
VF,Dresses,Kira Maxi Milan 2 ,228.00,228.00,1,0.00,228.00
VF,Dresses,Kimberly Midi 0  Agean Sea ,218.00,218.00,1,0.00,218.00
VF,Dresses,Kimberly Midi 2  Agean Sea ,218.00,218.00,1,0.00,218.00
VF,Dresses,Kimberly Midi 4  Agean Sea ,218.00,218.00,1,0.00,218.00
VF,Dresses,Peyton Midi Jasmine 6,218.00,218.00,1,0.00,218.00
VF,Dresses,Windellia Midi 0  Black,218.00,218.00,1,0.00,218.00
VF,Dresses,Windellia Midi 10 Blue Jay ,218.00,218.00,1,0.00,218.00
VF,Dresses,Windellia Midi 12 Blue Jay ,218.00,218.00,1,0.00,218.00
VF,Dresses,Windellia Midi 4  Matcha,218.00,218.00,1,0.00,218.00
VF,Dresses,Zara Midi Lilac 2 ,218.00,218.00,1,0.00,218.00
VF,Dresses,Zara Midi Lilac 8 ,218.00,218.00,1,0.00,218.00
VF,Dresses,Alexandra Tweed Mini 0  Pacific,416.00,208.00,2,-208.00,104.00
VF,Dresses,Belvia Midi Carnelian 0 ,208.00,208.00,1,0.00,208.00
VF,Dresses,Belvia Midi Carnelian 4 ,208.00,208.00,1,0.00,208.00
VF,Dresses,Belvia Midi Carnelian 8 ,208.00,208.00,1,0.00,208.00
VF,Dresses,Callie Midi Jade 10 ,208.00,208.00,1,0.00,208.00
VF,Dresses,Callie Midi Jade 2 ,208.00,208.00,1,0.00,208.00
VF,Dresses,Callie Midi Jade 6 ,208.00,208.00,1,0.00,208.00
VF,Dresses,Callie Midi Jade 8 ,208.00,208.00,1,0.00,208.00
VF,Dresses,Danisa Midi 0  Butterscotch,208.00,208.00,1,0.00,208.00
VF,Dresses,Danisa Midi 8  Butterscotch,208.00,208.00,1,0.00,208.00
VF,Dresses,Delilah Midi 8  Cranberry,208.00,208.00,1,0.00,208.00
VF,Dresses,Leah Midi 0  Rosemary,208.00,208.00,1,0.00,208.00
VF,Dresses,Leah Midi 6  Rosemary,208.00,208.00,1,0.00,208.00
VF,Dresses,Lila Maxi Mint  14 ,208.00,208.00,1,0.00,208.00
VF,Dresses,Val Midi 0  Black Chiffon,208.00,208.00,1,0.00,208.00
VF,Dresses,Val Midi 12 Black Chiffon,208.00,208.00,1,0.00,208.00
VF,Dresses,Val Midi 14  Black Chiffon,208.00,208.00,1,0.00,208.00
VF,Dresses,Valerie Maxi Black chiffon 0 ,208.00,208.00,1,0.00,208.00
VF,Dresses,Valerie Maxi Black chiffon 10 ,208.00,208.00,1,0.00,208.00
VF,Dresses,Valerie Maxi Black chiffon 2 ,208.00,208.00,1,0.00,208.00
VF,Dresses,Valerie Maxi Black chiffon 6 ,208.00,208.00,1,0.00,208.00
VF,Dresses,Mai Mini Monet 8 ,296.00,207.20,2,-88.80,103.60
VF,Dresses,Angelica Mini Cloudy dreams 8 ,336.00,201.60,2,-134.40,100.80
VF,Dresses,Chantelle Midi Black chiffon 0 ,198.00,198.00,1,0.00,198.00
VF,Dresses,Chantelle Midi Black chiffon 8 ,198.00,198.00,1,0.00,198.00
VF,Dresses,Chantelle Midi Cranberry 0 ,198.00,198.00,1,0.00,198.00
VF,Dresses,Lan Ao Dai Final Sale 4  Botanic Garden,198.00,198.00,1,0.00,198.00
VF,Dresses,Maddy Mini 4  Sorbet,198.00,198.00,1,0.00,198.00
VF,Dresses,Maddy Mini 6  Sorbet,198.00,198.00,1,0.00,198.00
VF,Dresses,Mai Linh Midi Grapevine 4,198.00,198.00,1,0.00,198.00
VF,Dresses,Mai Linh Midi Grapevine 8,198.00,198.00,1,0.00,198.00
VF,Dresses,Mai Linh Midi grapevine  0 ,198.00,198.00,1,0.00,198.00
VF,Dresses,Mai Linh Midi grapevine  2 ,198.00,198.00,1,0.00,198.00
VF,Dresses,Mai Linh Midi grapevine  4 ,198.00,198.00,1,0.00,198.00
VF,Dresses,Mai Linh Midi grapevine  6 ,198.00,198.00,1,0.00,198.00
VF,Dresses,Morgan Midi 2  Lilac,198.00,198.00,1,0.00,198.00
VF,Dresses,Naomi Knit Midi Black  6 ,198.00,198.00,1,0.00,198.00
VF,Dresses,Sofia Mini 2  Brownstone,198.00,198.00,1,0.00,198.00
VF,Dresses,Sofia Mini 6  Brownstone,198.00,198.00,1,0.00,198.00
VF,Dresses,Solstice Two-Piece Mini French rose 0 ,198.00,198.00,1,0.00,198.00
VF,Dresses,Val Midi 10 Cocoa,198.00,198.00,1,0.00,198.00
VF,Dresses,Val Midi 2  Cocoa,198.00,198.00,1,0.00,198.00
VF,Dresses,Val Midi 4  Cocoa,198.00,198.00,1,0.00,198.00
VF,Dresses,Valencia Midi 6  Plum,198.00,198.00,1,0.00,198.00
VF,Dresses,Valerie Maxi Fushia 2 ,198.00,198.00,1,0.00,198.00
VF,Dresses,Yasmine Midi Snowstorm 2 ,396.00,198.00,2,-198.00,99.00
VF,Dresses,Peyton Midi Jasmine 2 ,218.00,196.20,1,-21.80,196.20
VF,Dresses,Evon Mini 4  Lilac,316.00,189.60,2,-126.40,94.80
VF,Dresses,Delina Dress Ballerina  10 ,188.00,188.00,1,0.00,188.00
VF,Dresses,Delina Dress Ballerina  12 ,188.00,188.00,1,0.00,188.00
VF,Dresses,Delina Dress Ballerina  6 ,188.00,188.00,1,0.00,188.00
VF,Dresses,Jessie Mini Blue Stars  0 ,188.00,188.00,1,0.00,188.00
VF,Dresses,Jessie Mini Scarlet Hearts 6 ,188.00,188.00,1,0.00,188.00
VF,Dresses,Jessie Mini Scarlet Hearts 8,188.00,188.00,1,0.00,188.00
VF,Dresses,Phuong Ao Dai Final Sale 6  Eggshell,188.00,188.00,1,0.00,188.00
VF,Dresses,Lila Maxi Mint  6 ,208.00,187.20,1,-20.80,187.20
VF,Dresses,Morganite Maxi 12 Blue Bird,218.00,185.30,1,-32.70,185.30
VF,Dresses,Noelle Maxi Slip Azure 0 ,218.00,185.30,1,-32.70,185.30
VF,Dresses,Haven Lace Mini 10  Sangria ,228.00,182.40,1,-45.60,182.40
VF,Dresses,Jessie Mini Blue Stars  4 ,188.00,178.60,1,-9.40,178.60
VF,Dresses,Blue Flora Midi 4 ,198.00,178.20,1,-19.80,178.20
VF,Dresses,Colette Midi Seashell 0 ,198.00,178.20,1,-19.80,178.20
VF,Dresses,Morgan Midi 4  Lilac,198.00,178.20,1,-19.80,178.20
VF,Dresses,Val Midi 0  Wild peony,198.00,178.20,1,-19.80,178.20
VF,Dresses,Mai Mini Monet 0 ,296.00,177.60,2,-118.40,88.80
VF,Dresses,Arwen Maxi 2  Sparrow ,218.00,174.40,1,-43.60,174.40
VF,Dresses,Alexandra Mini Smoke 6 ,188.00,169.20,1,-18.80,169.20
VF,Dresses,Priyanka Dress 10  Atlantic ,188.00,169.20,1,-18.80,169.20
VF,Dresses,Angelica Mini White  6 ,336.00,168.00,2,-168.00,84.00
VF,Dresses,Chloe Mini 10  Last Kiss ,168.00,168.00,1,0.00,168.00
VF,Dresses,Chloe Mini 12  Last Kiss ,168.00,168.00,1,0.00,168.00
VF,Dresses,Chloe Mini 4  Last Kiss ,168.00,168.00,1,0.00,168.00
VF,Dresses,Chun Li Mini 0  Pink petals,168.00,168.00,1,0.00,168.00
VF,Dresses,Chun Li Mini 4  Pink petals,168.00,168.00,1,0.00,168.00
VF,Dresses,Faith Mini Snow 12,168.00,168.00,1,0.00,168.00
VF,Dresses,Faith Mini Snow 6,168.00,168.00,1,0.00,168.00
VF,Dresses,Faith Mini Snow 8,168.00,168.00,1,0.00,168.00
VF,Dresses,Imani Dress Autumn leaves 4 ,336.00,168.00,2,-168.00,84.00
VF,Dresses,Juniper Mini Buttercup 0 ,168.00,168.00,1,0.00,168.00
VF,Dresses,Juniper Mini Buttercup 2 ,168.00,168.00,1,0.00,168.00
VF,Dresses,Timeless Mini Blue silk 0 ,168.00,168.00,1,0.00,168.00
VF,Dresses,Lila Maxi Silver lace 2 ,208.00,166.40,1,-41.60,166.40
VF,Dresses,Delina Dress Ballerina  2 ,188.00,159.80,1,-28.20,159.80
VF,Dresses,Chun Li Mini 4  Forget me not,168.00,159.60,1,-8.40,159.60
VF,Dresses,Arwen Midi Daydream 2 ,198.00,158.40,1,-39.60,158.40
VF,Dresses,Arwen Midi Daydream 4 ,198.00,158.40,1,-39.60,158.40
VF,Dresses,Madeline Tweed 6  Porcelain,198.00,158.40,1,-39.60,158.40
VF,Dresses,Avery Mini Lotus 0 ,158.00,158.00,1,0.00,158.00
VF,Dresses,Danielle Mini Black chiffon 6 ,158.00,158.00,1,0.00,158.00
VF,Dresses,Danielle Mini Twigs 0 ,158.00,158.00,1,0.00,158.00
VF,Dresses,Lorebelle Mini Kelp 0 ,316.00,158.00,2,-158.00,79.00
VF,Dresses,Peony Mini  Black chiffon 4 ,158.00,158.00,1,0.00,158.00
VF,Dresses,Peony Mini  Black chiffon 6 ,158.00,158.00,1,0.00,158.00
VF,Dresses,Peony Mini  Black chiffon 8  ,158.00,158.00,1,0.00,158.00
VF,Dresses,Timeless Mini Black dahlia 4 ,316.00,158.00,2,-158.00,79.00
VF,Dresses,Valentina Mini 0  Black chiffon,158.00,158.00,1,0.00,158.00
VF,Dresses,Valentina Mini 4  Black chiffon,158.00,158.00,1,0.00,158.00
VF,Dresses,Valentina Mini 6  Black chiffon,158.00,158.00,1,0.00,158.00
VF,Dresses,Timeless Mini Blue silk 4 ,168.00,151.20,1,-16.80,151.20
VF,Dresses,Delina Dress Ballerina  8 ,188.00,150.40,1,-37.60,150.40
VF,Dresses,Jessie Mini Scarlet Hearts 0 ,188.00,150.40,1,-37.60,150.40
VF,Dresses,Britt Mini Raspberry 6 ,148.00,148.00,1,0.00,148.00
VF,Dresses,Farah Knit Maxi 2  Grey ,148.00,148.00,1,0.00,148.00
VF,Dresses,Timeless Mini Blue silk 6 ,168.00,142.80,1,-25.20,142.80
VF,Dresses,Britt Mini Black chiffon 8 ,158.00,142.20,1,-15.80,142.20
VF,Dresses,Britt Mini White 10,158.00,142.20,1,-15.80,142.20
VF,Dresses,Daisy Mini 6  Wallflower,158.00,142.20,1,-15.80,142.20
VF,Dresses,Danielle Mini Black chiffon 6 ,158.00,142.20,1,-15.80,142.20
VF,Dresses,Naomi Velvet Midi 4  Black velvet,158.00,142.20,1,-15.80,142.20
VF,Dresses,Pixie Mini Garnet 4 ,158.00,142.20,1,-15.80,142.20
VF,Dresses,Gabriella Midi 2  Stone blue,198.00,138.60,1,-59.40,138.60
VF,Dresses,Chun Li Mini 8  Forget me not,168.00,134.40,1,-33.60,134.40
VF,Dresses,Talia Midi 2  Tea rose,436.00,130.80,2,-305.20,65.40
VF,Dresses,Valentina Mini 2  Black chiffon,158.00,126.40,1,-31.60,126.40
VF,Dresses,Valentina Mini 8  Black chiffon,158.00,126.40,1,-31.60,126.40
VF,Dresses,Alani Mini 0  Moody floral,138.00,124.20,1,-13.80,124.20
VF,Dresses,Kroesna Mini winter 12 ,198.00,118.80,1,-79.20,118.80
VF,Dresses,Kroesna Mini winter 6 ,198.00,118.80,1,-79.20,118.80
VF,Dresses,Kroesna Mini winter 8 ,198.00,118.80,1,-79.20,118.80
VF,Dresses,Mai Mini Monet 6 ,148.00,118.40,1,-29.60,118.40
VF,Dresses,Angelica Mini Cloudy dreams 12,168.00,117.60,1,-50.40,117.60
VF,Dresses,Angelica Mini Cloudy dreams 2 ,168.00,117.60,1,-50.40,117.60
VF,Dresses,Angelica Mini Cloudy dreams 4 ,168.00,117.60,1,-50.40,117.60
VF,Dresses,Miles Mini Azaleas 0 ,158.00,110.60,1,-47.40,110.60
VF,Dresses,Alexandra Tweed Mini 2  Pacific,208.00,104.00,1,-104.00,104.00
VF,Dresses,Jordan Midi 0  Hyacinth ,208.00,104.00,1,-104.00,104.00
VF,Dresses,Jordan Midi 6  Hyacinth ,208.00,104.00,1,-104.00,104.00
VF,Dresses,Megan Halter Mini 0  Blue lake,148.00,103.60,1,-44.40,103.60
VF,Dresses,Megan Halter Mini 2  Blue lake,148.00,103.60,1,-44.40,103.60
VF,Dresses,Megan Halter Mini 4  Blue lake,148.00,103.60,1,-44.40,103.60
VF,Dresses,Dianna Midi 0  White floral,198.00,99.00,1,-99.00,99.00
VF,Dresses,Dianna Midi 8  Coral,198.00,99.00,1,-99.00,99.00
VF,Dresses,Yasmine Maxi Snowstorm 0 ,198.00,99.00,1,-99.00,99.00
VF,Dresses,Evon Mini 0  Lilac,158.00,94.80,1,-63.20,94.80
VF,Dresses,Evon Mini 10 Lilac,158.00,94.80,1,-63.20,94.80
VF,Dresses,Evon Mini 6  Lilac,158.00,94.80,1,-63.20,94.80
VF,Dresses,Miles Mini Azaleas 10 ,158.00,94.80,1,-63.20,94.80
VF,Dresses,Miles Mini Azaleas 8 ,158.00,94.80,1,-63.20,94.80
VF,Dresses,Maddison Midi Nude,178.00,89.00,1,-89.00,89.00
VF,Dresses,Bridget Mini Ballet 6 ,148.00,88.80,1,-59.20,88.80
VF,Dresses,Angelica Mini Baby blue 10,168.00,84.00,1,-84.00,84.00
VF,Dresses,Angelica Mini Baby blue 6 ,168.00,84.00,1,-84.00,84.00
VF,Dresses,Angelica Mini White  12,168.00,84.00,1,-84.00,84.00
VF,Dresses,Imani Dress Autumn leaves 0 ,168.00,84.00,1,-84.00,84.00
VF,Dresses,Ophelia Halter Maxi Black  4 ,198.00,79.20,1,-118.80,79.20
VF,Dresses,Ophelia Halter Maxi Cream 2 ,198.00,79.20,1,-118.80,79.20
VF,Dresses,Ophelia Halter Maxi Cream 4 ,198.00,79.20,1,-118.80,79.20
VF,Dresses,Ophelia Halter Maxi Cream 6 ,198.00,79.20,1,-118.80,79.20
VF,Dresses,Brielle Mini 6  Cotton candy,158.00,79.00,1,-79.00,79.00
VF,Dresses,Lorebelle Mini Kelp 10 ,158.00,79.00,1,-79.00,79.00
VF,Dresses,Lorebelle Mini Kelp 4 ,158.00,79.00,1,-79.00,79.00
VF,Dresses,Timeless Mini Black dahlia 0 ,158.00,79.00,1,-79.00,79.00
VF,Dresses,Timeless Mini Black dahlia 2 ,158.00,79.00,1,-79.00,79.00
VF,Dresses,Vivian Mini 10 Snowflake,158.00,79.00,1,-79.00,79.00
VF,Dresses,Mai Mini Black chiffon 12,148.00,74.00,1,-74.00,74.00
VF,Dresses,Mai Mini Kelp 6 ,148.00,74.00,1,-74.00,74.00
VF,Dresses,Mai Mini White 8 ,148.00,74.00,1,-74.00,74.00
VF,Dresses,Delilah Midi 0  Spring floral,208.00,68.64,1,-139.36,68.64
VF,Dresses,Delilah Midi 2  Spring floral,208.00,68.64,1,-139.36,68.64
VF,Dresses,Red Satin Mini 6 ,168.00,67.20,1,-100.80,67.20
VF,Dresses,Talia Midi 4  Tea rose,218.00,65.40,1,-152.60,65.40
VF,Dresses,Dianna Midi 4  Coral,198.00,59.40,1,-138.60,59.40
VF,Dresses,Dianna Midi 6  Coral,198.00,59.40,1,-138.60,59.40
VF,Dresses,Buttercup Mini Black floral S ,108.00,54.00,1,-54.00,54.00
VF,Dresses,Amor Midi Seduction 2 ,178.00,53.40,1,-124.60,53.40
VF,Dresses,Casandra Lace Mini Rouge 2 ,128.00,51.20,1,-76.80,51.20
VF,Dresses,Samantha Mini 6  Coral reef,158.00,47.40,1,-110.60,47.40
VF,Dresses,Bridget Mini Wildflowers 6 ,148.00,44.40,1,-103.60,44.40
VF,Dresses,Koda Velvet Mini Red velvet 6 ,138.00,41.40,1,-96.60,41.40
VF,Dresses,Bella Mini 6 Key Lime,178.00,14.10,1,-163.90,14.10
VF,Dresses,Danisa Midi 4  Butterscotch,208.00,0.00,1,0.00,-
VF,Jewelry ,LA Rings,2232.00,2140.80,93,-91.20,23.02
VF,Jewelry ,LA Necklace,798.00,722.00,21,-76.00,34.38
VF,Jewelry ,LA Necklace,722.00,651.70,19,-70.30,34.30
VF,Jewelry ,LA Earrings,532.00,526.30,14,-5.70,37.59
VF,Jewelry ,LA Earrings,510.00,493.00,15,-17.00,32.87
VF,Jewelry ,GC Earrings,464.00,423.40,8,-40.60,52.93
VF,Jewelry ,Fashion Jewelry,364.00,364.00,26,0.00,14.00
VF,Jewelry ,LA Necklace,288.00,248.40,8,-39.60,31.05
VF,Jewelry ,La Meno Earrings,240.00,232.80,5,-7.20,46.56
VF,Jewelry ,GC Earrings,192.00,192.00,4,0.00,48.00
VF,Jewelry ,LA Necklace,192.00,192.00,4,0.00,48.00
VF,Jewelry ,La Meno Bracelets,144.00,144.00,3,0.00,48.00
VF,Jewelry ,GC Earrings,136.00,136.00,2,0.00,68.00
VF,Jewelry ,La Meno Earrings,136.00,136.00,2,0.00,68.00
VF,Jewelry ,GC 18k Plated/SS Earring (Single),152.00,134.90,4,-17.10,33.73
VF,Jewelry ,LA Jewelry,114.00,114.00,3,0.00,38.00
VF,Jewelry ,GC Earrings,114.00,108.30,3,-5.70,36.10
VF,Jewelry ,GC 18k Plated/SS Earring (Single),96.00,96.00,2,0.00,48.00
VF,Jewelry ,LA Necklace,96.00,96.00,3,0.00,32.00
VF,Jewelry ,La Meno Necklaces,96.00,76.80,2,-19.20,38.40
VF,Jewelry ,GC Necklaces,68.00,68.00,1,0.00,68.00
VF,Jewelry ,GC Rings,68.00,68.00,1,0.00,68.00
VF,Jewelry ,LA Necklace,68.00,68.00,1,0.00,68.00
VF,Jewelry ,La Meno Bracelets,68.00,68.00,1,0.00,68.00
VF,Jewelry ,GC Necklace,65.00,65.00,1,0.00,65.00
VF,Jewelry ,GC Rings,58.00,58.00,1,0.00,58.00
VF,Jewelry ,LA Necklace,58.00,58.00,1,0.00,58.00
VF,Jewelry ,La Meno Necklaces,58.00,58.00,1,0.00,58.00
VF,Jewelry ,GC Rings,48.00,48.00,1,0.00,48.00
VF,Jewelry ,GC Rings,38.00,38.00,1,0.00,38.00
VF,Jewelry ,GC Bracelets,55.00,37.25,1,-17.75,37.25
VF,Jewelry ,GC Earrings,65.00,32.50,1,-32.50,32.50
VF,Jewelry ,GC Necklace,38.00,19.00,1,-19.00,19.00
VF,Bottoms,Amina Pleated Cotton Skirt White 2 ,276.00,276.00,2,0.00,138.00
VF,Bottoms,Alyssa Midi Skirt Navy 0 ,216.00,216.00,2,0.00,108.00
VF,Bottoms,Kris Mini Skort 0  Slate green ,216.00,216.00,2,0.00,108.00
VF,Bottoms,Mila Wrap Mini Skirt 0/2 Mini roses,216.00,199.80,2,-16.20,99.90
VF,Bottoms,Melissa Pleated Pants Navy FS,196.00,196.00,2,0.00,98.00
VF,Bottoms,Melissa Pleated Pants White Chiffon (Long) FS,196.00,196.00,2,0.00,98.00
VF,Bottoms,Kris Chiffon Skort Sand 8 ,216.00,194.40,2,-21.60,97.20
VF,Bottoms,Kris Mini Skort 0  Overcast,216.00,194.40,2,-21.60,97.20
VF,Bottoms,Amina Pleated Cotton Skirt Brown 6 ,138.00,138.00,1,0.00,138.00
VF,Bottoms,Amina Pleated Cotton Skirt Grey 8 ,138.00,138.00,1,0.00,138.00
VF,Bottoms,Amina Pleated Cotton Skirt Creampuff 4 ,118.00,118.00,1,0.00,118.00
VF,Bottoms,Presley Pleated Mini Skort Grey 6 ,118.00,118.00,1,0.00,118.00
VF,Bottoms,Alyssa Midi Skirt Cocoa 2 ,108.00,108.00,1,0.00,108.00
VF,Bottoms,Alyssa Midi Skirt Cocoa 4 ,108.00,108.00,1,0.00,108.00
VF,Bottoms,Alyssa Midi Skirt Kelp 2 ,108.00,108.00,1,0.00,108.00
VF,Bottoms,Alyssa Midi Skirt Venice 4 ,108.00,108.00,1,0.00,108.00
VF,Bottoms,Kris Chiffon Skort Navy 0 ,108.00,108.00,1,0.00,108.00
VF,Bottoms,Kris Chiffon Skort Sand 0 ,108.00,108.00,1,0.00,108.00
VF,Bottoms,Kris Chiffon Skort Sand 2 ,108.00,108.00,1,0.00,108.00
VF,Bottoms,Kris Mini Skort 2  Overcast,108.00,108.00,1,0.00,108.00
VF,Bottoms,Alex Pleated Mini Skort Baby blue,98.00,98.00,1,0.00,98.00
VF,Bottoms,Alice Pleated Mini Skort FS Cement,98.00,98.00,1,0.00,98.00
VF,Bottoms,Melissa Pleated Pants Mauve (Long) FS,98.00,98.00,1,0.00,98.00
VF,Bottoms,Melissa Pleated Pants Peony FS,98.00,98.00,1,0.00,98.00
VF,Bottoms,Melissa Pleated Pants Ruby (Long) FS,98.00,98.00,1,0.00,98.00
VF,Bottoms,Presley Pleated Mini Skort Black 6 ,118.00,94.40,1,-23.60,94.40
VF,Bottoms,Kris Chiffon Skort Espresso 4 ,108.00,86.40,1,-21.60,86.40
VF,Bottoms,Alice Pleated Mini Skort FS Black,98.00,78.40,1,-19.60,78.40
VF,Bottoms,Aria Mini Skirt Navy blue 4 ,68.00,68.00,1,0.00,68.00
VF,Bottoms,Aria Mini Skirt Slate green 0 ,68.00,68.00,1,0.00,68.00
VF,Accessories,Hair Claws,410.00,405.50,41,-4.50,9.89
VF,Accessories,Hair Scrunchies,98.00,95.20,7,-2.80,13.60
VF,Accessories,Silicone Bra,32.00,32.00,1,0.00,32.00
VF,Accessories,GC Rings,28.00,28.00,1,0.00,28.00
VF,Accessories,Headbands,12.00,12.00,1,0.00,12.00
VF,Tops,Lila Blouse Seafoam S ,78.00,62.40,1,-15.60,62.40
VF,Tops,Mel Pleated Top Black FS,78.00,62.40,1,-15.60,62.40
VF,Tops,Caroline Cami S  Dark blooms,58.00,58.00,1,0.00,58.00
VF,Tops,Mona Cami FS Ash,58.00,46.40,1,-11.60,46.40
FV,Dresses,Athena Lace Maxi Alba 4 ,1044.00,1044.00,3,0.00,348.00
FV,Dresses,Athena Lace Maxi Alba 0 ,1044.00,1009.20,3,-34.80,336.40
FV,Dresses,Solstice  Midi  2  White,1140.00,912.00,5,-11.40,228.00
FV,Dresses,Lane Mini 4  Indigo,792.00,792.00,4,0.00,198.00
FV,Dresses,Everly Mini 4  Swan,752.00,752.00,4,0.00,188.00
FV,Dresses,Morgan Midi 0  Lanikai,792.00,712.80,4,-79.20,178.20
FV,Dresses,Athena Lace Maxi Alba 10,696.00,696.00,2,0.00,348.00
FV,Dresses,Viola Lace Maxi 2  Pearl White,696.00,696.00,2,0.00,348.00
FV,Dresses,Kira Maxi 6  Milan,684.00,684.00,3,0.00,228.00
FV,Dresses,Willow Maxi 2  Sapphire ,684.00,684.00,3,0.00,228.00
FV,Dresses,Malia Lace Maxi 0  Black Lace,676.00,676.00,2,0.00,338.00
FV,Dresses,Malia Lace Maxi 8  Black Lace,676.00,676.00,2,0.00,338.00
FV,Dresses,Kira Maxi 2  Milan,684.00,672.60,3,-11.40,224.20
FV,Dresses,Morganite Maxi 4  Bleu bird,654.00,654.00,3,0.00,218.00
FV,Dresses,Valerie Maxi 2  Love letter,654.00,654.00,3,0.00,218.00
FV,Dresses,Valerie Maxi 4  Love letter,654.00,654.00,3,0.00,218.00
FV,Dresses,Willow Maxi 6  Sapphire ,684.00,638.40,3,-45.60,212.80
FV,Dresses,Morganite Maxi 10 Black,624.00,624.00,3,0.00,208.00
FV,Dresses,Sedona Midi Black 10,624.00,624.00,3,0.00,208.00
FV,Dresses,Sedona Midi Black 4 ,624.00,624.00,3,0.00,208.00
FV,Dresses,Delilah Midi 4  Cranberry,624.00,603.20,3,-20.80,201.07
FV,Dresses,Sofia Mini Brownstone 2 ,594.00,594.00,3,0.00,198.00
FV,Dresses,Sedona Midi Black 14,624.00,592.80,3,-31.20,197.60
FV,Dresses,Roselanh Midi Black 4 ,624.00,582.40,3,-41.60,194.13
FV,Dresses,Everly Mini 8  Swan,564.00,564.00,3,0.00,188.00
FV,Dresses,Jessie Mini Scarlet hearts 2 ,564.00,564.00,3,0.00,188.00
FV,Dresses,Jessie Mini Scarlet hearts 6 ,564.00,564.00,3,0.00,188.00
FV,Dresses,Elsa Corset Mini 4  Frozen,596.00,551.30,2,-44.70,275.65
FV,Dresses,Everly Mini 2  Swan,564.00,517.00,3,-47.00,172.33
FV,Dresses,Everly Mini 4  Verona,534.00,507.30,3,-26.70,169.10
FV,Dresses,Nalea Mini Love letters 4 ,504.00,504.00,3,0.00,168.00
FV,Dresses,Nalea Mini Love letters 6 ,504.00,504.00,3,0.00,168.00
FV,Dresses,Peony Mini Rouge 0 ,504.00,504.00,3,0.00,168.00
FV,Dresses,Pixie Mini 4  Nightfall,504.00,504.00,3,0.00,168.00
FV,Dresses,Nalea Mini Love letters 0,504.00,478.80,3,-25.20,159.60
FV,Dresses,Penny Corset Mini 0  Snowflake,476.00,476.00,2,0.00,238.00
FV,Dresses,Penny Corset Mini 2  Snowflake,476.00,476.00,2,0.00,238.00
FV,Dresses,Penny Corset Mini 6  Snowflake,476.00,476.00,2,0.00,238.00
FV,Dresses,Avery Mini 0  Black,632.00,474.00,4,-7.90,158.00
FV,Dresses,Peony Mini Black chiffon 6 ,474.00,474.00,3,0.00,158.00
FV,Dresses,Aphrodite Maxi 2  Black lace,456.00,456.00,2,0.00,228.00
FV,Dresses,Guinevere Midi 4  Embrace,456.00,456.00,2,0.00,228.00
FV,Dresses,Katarina Corset Juliet (red) 6 ,456.00,456.00,2,0.00,228.00
FV,Dresses,Kira Maxi 0  Milan,456.00,456.00,2,0.00,228.00
FV,Dresses,Solstice  Midi  4  White,456.00,456.00,2,0.00,228.00
FV,Dresses,Willow Maxi 0  Sapphire ,684.00,456.00,3,-11.40,228.00
FV,Dresses,Willow Maxi 12 Sapphire ,456.00,456.00,2,0.00,228.00
FV,Dresses,Willow Maxi 2  Buttercream,456.00,456.00,2,0.00,228.00
FV,Dresses,Willow Maxi 4  Buttercream,456.00,456.00,2,0.00,228.00
FV,Dresses,Katarina Corset Juliet (red) 4 ,456.00,444.60,2,-11.40,222.30
FV,Dresses,Kimberly Midi 2  Agean Sea,436.00,436.00,2,0.00,218.00
FV,Dresses,Maiah Maxi 4  Blush,436.00,436.00,2,0.00,218.00
FV,Dresses,Morganite Maxi 12 Bleu bird,436.00,436.00,2,0.00,218.00
FV,Dresses,Morganite Maxi 8  Bleu bird,436.00,436.00,2,0.00,218.00
FV,Dresses,Peyton Midi 4  Chateau,436.00,436.00,2,0.00,218.00
FV,Dresses,Sedona Midi Naples 2,436.00,436.00,2,0.00,218.00
FV,Dresses,Valerie Maxi 6  Love letter,436.00,436.00,2,0.00,218.00
FV,Dresses,Windellia Midi  0  Matcha,436.00,436.00,2,0.00,218.00
FV,Dresses,Windellia Midi  8  Matcha,436.00,436.00,2,0.00,218.00
FV,Dresses,Zara Midi Lilac dreams 6 ,436.00,436.00,2,0.00,218.00
FV,Dresses,Belvia Midi Carnelian 0 ,416.00,416.00,2,0.00,208.00
FV,Dresses,Casey Midi Moonstone 6 ,416.00,416.00,2,0.00,208.00
FV,Dresses,Charlie Midi Coal 8 ,416.00,416.00,2,0.00,208.00
FV,Dresses,Kona Midi Mauka  2 ,416.00,416.00,2,0.00,208.00
FV,Dresses,Kona Midi Mauka  6 ,416.00,416.00,2,0.00,208.00
FV,Dresses,Leilani Wrap Maxi Dragonfly 0 ,416.00,416.00,2,0.00,208.00
FV,Dresses,Leilani Wrap Maxi Dragonfly 4 ,416.00,416.00,2,0.00,208.00
FV,Dresses,Morganite Maxi 12 Black,416.00,416.00,2,0.00,208.00
FV,Dresses,Morganite Maxi 2  Black,416.00,416.00,2,0.00,208.00
FV,Dresses,Morganite Maxi 4  Black,416.00,416.00,2,0.00,208.00
FV,Dresses,Morganite Maxi 6  Black,416.00,416.00,2,0.00,208.00
FV,Dresses,Roselanh Midi Black 2 ,416.00,416.00,2,0.00,208.00
FV,Dresses,Sedona Midi Black 0 ,416.00,416.00,2,0.00,208.00
FV,Dresses,Sedona Midi Black 12,416.00,416.00,2,0.00,208.00
FV,Dresses,Val Midi Moonlit 8 ,416.00,416.00,2,0.00,208.00
FV,Dresses,Val Midi White 0 ,416.00,416.00,2,0.00,208.00
FV,Dresses,Valerie Maxi 12 Sunset,416.00,416.00,2,0.00,208.00
FV,Dresses,Valerie Maxi 6  Black chiffon,416.00,416.00,2,0.00,208.00
FV,Dresses,Lila Maxi 2  Aster,436.00,414.20,2,-21.80,207.10
FV,Dresses,Willow Maxi 10 Sapphire ,456.00,410.40,2,-45.60,205.20
FV,Dresses,Valerie Maxi 4  Blue jay,416.00,405.60,2,-10.40,202.80
FV,Dresses,Windellia Midi  2  Black chiffon,436.00,403.30,2,-32.70,201.65
FV,Dresses,Chun Li Midi Dress Red blossom 4 ,396.00,396.00,2,0.00,198.00
FV,Dresses,Lane Mini 2  Indigo,396.00,396.00,2,0.00,198.00
FV,Dresses,Lane Mini 6  Indigo,396.00,396.00,2,0.00,198.00
FV,Dresses,Maddy Mini Sorbet 0 ,396.00,396.00,2,0.00,198.00
FV,Dresses,Maddy Mini Sorbet 4 ,396.00,396.00,2,0.00,198.00
FV,Dresses,Mai Linh Midi Grapevine 2 ,396.00,396.00,2,0.00,198.00
FV,Dresses,Mai Linh Midi Grapevine 4 ,396.00,396.00,2,0.00,198.00
FV,Dresses,Sofia Mini Brownstone 0 ,396.00,396.00,2,0.00,198.00
FV,Dresses,Sofia Mini Brownstone 6 ,396.00,396.00,2,0.00,198.00
FV,Dresses,Solstice Mini 0  Aster,594.00,396.00,3,0.00,198.00
FV,Dresses,Suki Pleated Mini Picnic 6 ,396.00,396.00,2,0.00,198.00
FV,Dresses,Valerie Maxi 8  White,396.00,396.00,2,0.00,198.00
FV,Dresses,Callie Midi 6  Jade,416.00,395.20,2,-20.80,197.60
FV,Dresses,Evangelina Maxi 2  Baby blue,416.00,395.20,2,-20.80,197.60
FV,Dresses,Morganite Maxi 8  Black,416.00,395.20,2,-20.80,197.60
FV,Dresses,Valerie Maxi 8  Sunset,416.00,395.20,2,-20.80,197.60
FV,Dresses,Windellia Midi  6  Black chiffon,436.00,392.40,2,-43.60,196.20
FV,Dresses,Windellia Midi  8  Black chiffon,436.00,392.40,2,-43.60,196.20
FV,Dresses,Wynola Lace Black lace 2 ,456.00,387.60,2,-68.40,193.80
FV,Dresses,Belvia Midi Carnelian 6 ,416.00,384.80,2,-31.20,192.40
FV,Dresses,Everly Mini 10 Swan,376.00,376.00,2,0.00,188.00
FV,Dresses,Everly Mini 6  Swan,376.00,376.00,2,0.00,188.00
FV,Dresses,Jessie Mini Scarlet hearts 0 ,376.00,376.00,2,0.00,188.00
FV,Dresses,Val Midi Moonlit 0 ,416.00,374.40,2,-41.60,187.20
FV,Dresses,Valerie Maxi 8  Black chiffon,416.00,374.40,2,-41.60,187.20
FV,Dresses,Solstice Mini 2  Aster,396.00,366.30,2,-29.70,183.15
FV,Dresses,Maddy Mini Sorbet 2 ,396.00,356.40,2,-39.60,178.20
FV,Dresses,Everly Mini 0  Verona,356.00,356.00,2,0.00,178.00
FV,Dresses,Athena Lace Maxi Alba 2 ,348.00,348.00,1,0.00,348.00
FV,Dresses,Mia Lace Maxi Antique white 0 ,348.00,348.00,1,0.00,348.00
FV,Dresses,Viola Lace Maxi 0  Pearl White,348.00,348.00,1,0.00,348.00
FV,Dresses,Viola Lace Maxi 8  Pearl White,348.00,348.00,1,0.00,348.00
FV,Dresses,Malia Lace Maxi 10 Black Lace,338.00,338.00,1,0.00,338.00
FV,Dresses,Malia Lace Maxi 4  Black Lace,338.00,338.00,1,0.00,338.00
FV,Dresses,Malia Lace Maxi 6  Black Lace,338.00,338.00,1,0.00,338.00
FV,Dresses,Mia Lace Maxi Antique white 2 ,338.00,338.00,1,0.00,338.00
FV,Dresses,Chloe Mini Last kiss 12,336.00,336.00,2,0.00,168.00
FV,Dresses,Chun Li Mini Pink petals 0 ,336.00,336.00,2,0.00,168.00
FV,Dresses,Chun Li Mini Rouge 0 ,336.00,336.00,2,0.00,168.00
FV,Dresses,Peony Mini Blanc 2 ,336.00,336.00,2,0.00,168.00
FV,Dresses,Peony Mini Blanc 8 ,336.00,336.00,2,0.00,168.00
FV,Dresses,Pixie Mini 2  Nightfall,336.00,336.00,2,0.00,168.00
FV,Dresses,Peony Mini Blanc 6 ,326.00,326.00,2,0.00,163.00
FV,Dresses,Naomi Knit Midi Black  6,396.00,316.80,2,-79.20,158.40
FV,Dresses,Aanya Mini Teal 4 ,316.00,316.00,2,0.00,158.00
FV,Dresses,Avery Mini 6  Black,316.00,316.00,2,0.00,158.00
FV,Dresses,Nalea Mini Love letters 8 ,336.00,310.80,2,-25.20,155.40
FV,Dresses,Pixie Mini 6  Nightfall,336.00,302.40,2,-33.60,151.20
FV,Dresses,Elsa Corset Mini 2  Frozen,298.00,298.00,1,0.00,298.00
FV,Dresses,Geanna Corset Midi 2  Smoky quartz,298.00,298.00,1,0.00,298.00
FV,Dresses,Joelle Maxi Autumn 0 ,298.00,298.00,1,0.00,298.00
FV,Dresses,Nova Midi Parfait 8 ,298.00,298.00,1,0.00,298.00
FV,Dresses,Peony Mini Black chiffon 2 ,316.00,292.30,2,-23.70,146.15
FV,Dresses,Peony Mini Black chiffon 8 ,316.00,292.30,2,-23.70,146.15
FV,Dresses,Fiesta Flora Midi 6,356.00,267.00,2,-89.00,133.50
FV,Dresses,Heidi Maxi 4  Champagne toast,318.00,254.40,1,-63.60,254.40
FV,Dresses,Lorebelle Mini Kelp 0,474.00,237.00,3,-237.00,79.00
FV,Dresses,Angelica Mini 2  Cloudy dreams,336.00,235.20,2,-100.80,117.60
FV,Dresses,Angelica Mini 4  Cloudy dreams,336.00,235.20,2,-100.80,117.60
FV,Dresses,Aphrodite Maxi 0  Black lace,228.00,228.00,1,0.00,228.00
FV,Dresses,Aphrodite Maxi 0  White lace,228.00,228.00,1,0.00,228.00
FV,Dresses,Aphrodite Maxi 2  Crimson lace,228.00,228.00,1,0.00,228.00
FV,Dresses,Aphrodite Maxi 4  Black lace,228.00,228.00,1,0.00,228.00
FV,Dresses,Aphrodite Maxi 4  White lace,228.00,228.00,1,0.00,228.00
FV,Dresses,Aphrodite Maxi 6  Black lace,228.00,228.00,1,0.00,228.00
FV,Dresses,Aphrodite Maxi 8  Black lace,228.00,228.00,1,0.00,228.00
FV,Dresses,Celeste Maxi Glaciers 6 ,228.00,228.00,1,0.00,228.00
FV,Dresses,Divina Maxi Afterglow 0 ,228.00,228.00,1,0.00,228.00
FV,Dresses,Divina Maxi Afterglow 10,228.00,228.00,1,0.00,228.00
FV,Dresses,Divina Maxi Afterglow 2 ,228.00,228.00,1,0.00,228.00
FV,Dresses,Guinevere Midi 0  Embrace,228.00,228.00,1,0.00,228.00
FV,Dresses,Guinevere Midi 12 Embrace,228.00,228.00,1,0.00,228.00
FV,Dresses,Guinevere Midi 14 Embrace,228.00,228.00,1,0.00,228.00
FV,Dresses,Katarina Corset Juliet (red) 0 ,228.00,228.00,1,0.00,228.00
FV,Dresses,Katarina Corset Othello (black) 0 ,228.00,228.00,1,0.00,228.00
FV,Dresses,Katarina Corset Venetian (brown) 2 ,228.00,228.00,1,0.00,228.00
FV,Dresses,Katarina Corset Venetian (brown) 6 ,228.00,228.00,1,0.00,228.00
FV,Dresses,Kira Maxi 4  Milan,228.00,228.00,1,0.00,228.00
FV,Dresses,Kira Maxi 6  Dahlia,228.00,228.00,1,0.00,228.00
FV,Dresses,Kiran Maxi 0 Cherry stems,228.00,228.00,1,0.00,228.00
FV,Dresses,Mimi Maxi Wallflower 0 ,228.00,228.00,1,0.00,228.00
FV,Dresses,Solana Midi 0 Blue Lace,228.00,228.00,1,0.00,228.00
FV,Dresses,Solstice  Midi  12 White,228.00,228.00,1,0.00,228.00
FV,Dresses,Solstice  Midi  6  White,228.00,228.00,1,0.00,228.00
FV,Dresses,Solstice  Midi  8  White,228.00,228.00,1,0.00,228.00
FV,Dresses,Willow Maxi 4  Sapphire ,228.00,228.00,1,0.00,228.00
FV,Dresses,Willow Maxi 6  Buttercream,228.00,228.00,1,0.00,228.00
FV,Dresses,Willow Maxi 8  Sapphire ,228.00,228.00,1,0.00,228.00
FV,Dresses,Karee Midi Snow white 2 ,248.00,223.20,1,-24.80,223.20
FV,Dresses,Guinevere Midi 2  Love story,218.00,218.00,1,0.00,218.00
FV,Dresses,Kimberly Midi 0  Agean Sea,218.00,218.00,1,0.00,218.00
FV,Dresses,Lila Maxi 0  Afterglow,218.00,218.00,1,0.00,218.00
FV,Dresses,Maiah Maxi 2  Blush,218.00,218.00,1,0.00,218.00
FV,Dresses,Maiah Maxi 6  Blush,218.00,218.00,1,0.00,218.00
FV,Dresses,Morganite Maxi 0  Bleu bird,218.00,218.00,1,0.00,218.00
FV,Dresses,Morganite Maxi 14 Bleu bird,218.00,218.00,1,0.00,218.00
FV,Dresses,Morganite Maxi 2  Bleu bird,218.00,218.00,1,0.00,218.00
FV,Dresses,Peyton Midi 0  Jasmine,218.00,218.00,1,0.00,218.00
FV,Dresses,Peyton Midi 4  Jasmine,218.00,218.00,1,0.00,218.00
FV,Dresses,Peyton Midi 6  Chateau,218.00,218.00,1,0.00,218.00
FV,Dresses,Peyton Midi 8  Chateau,218.00,218.00,1,0.00,218.00
FV,Dresses,Quinn Maxi Kyoto 10,218.00,218.00,1,0.00,218.00
FV,Dresses,Sedona Midi Milan 2,218.00,218.00,1,0.00,218.00
FV,Dresses,Sedona Midi Naples 10,218.00,218.00,1,0.00,218.00
FV,Dresses,Sedona Midi Naples 8 ,218.00,218.00,1,0.00,218.00
FV,Dresses,Tabitha Maxi Crimson 0 ,218.00,218.00,1,0.00,218.00
FV,Dresses,Tabitha Maxi Crimson 10,218.00,218.00,1,0.00,218.00
FV,Dresses,Valerie Maxi 8  Love letter,218.00,218.00,1,0.00,218.00
FV,Dresses,Windellia Midi  0  Black chiffon,218.00,218.00,1,0.00,218.00
FV,Dresses,Windellia Midi  12 Black chiffon,218.00,218.00,1,0.00,218.00
FV,Dresses,Windellia Midi  14 Black chiffon,218.00,218.00,1,0.00,218.00
FV,Dresses,Windellia Midi  2  Black chiffon,218.00,218.00,1,0.00,218.00
FV,Dresses,Windellia Midi  2  Matcha,218.00,218.00,1,0.00,218.00
FV,Dresses,Windellia Midi  4  Black chiffon,218.00,218.00,1,0.00,218.00
FV,Dresses,Windellia Midi  6  Matcha,218.00,218.00,1,0.00,218.00
FV,Dresses,Zara Midi Lilac dreams 4 ,218.00,218.00,1,0.00,218.00
FV,Dresses,Belvia Midi Carnelian 2 ,208.00,208.00,1,0.00,208.00
FV,Dresses,Belvia Midi Carnelian 4 ,208.00,208.00,1,0.00,208.00
FV,Dresses,Callie Midi 10 Jade,208.00,208.00,1,0.00,208.00
FV,Dresses,Casey Midi Moonstone 4 ,208.00,208.00,1,0.00,208.00
FV,Dresses,Casey Midi Moonstone 8 ,208.00,208.00,1,0.00,208.00
FV,Dresses,Danisa Midi Butterscotch 6 ,208.00,208.00,1,0.00,208.00
FV,Dresses,Daphene Midi 0  Shortcake,208.00,208.00,1,0.00,208.00
FV,Dresses,Daphene Midi 4  Shortcake,208.00,208.00,1,0.00,208.00
FV,Dresses,Daphene Midi 4  Ube,208.00,208.00,1,0.00,208.00
FV,Dresses,Delilah Midi 0  Cranberry,208.00,208.00,1,0.00,208.00
FV,Dresses,Delilah Midi 2  Cranberry,208.00,208.00,1,0.00,208.00
FV,Dresses,Delilah Midi 6  Cranberry,208.00,208.00,1,0.00,208.00
FV,Dresses,Evangelina Maxi 0  Baby blue,208.00,208.00,1,0.00,208.00
FV,Dresses,Evangelina Maxi 14 Baby blue,208.00,208.00,1,0.00,208.00
FV,Dresses,Evangelina Maxi 4  Baby blue,208.00,208.00,1,0.00,208.00
FV,Dresses,Evangelina Maxi 8  Baby blue,208.00,208.00,1,0.00,208.00
FV,Dresses,Guinevere Midi 0  Love story,208.00,208.00,1,0.00,208.00
FV,Dresses,Ivy Midi 4  Yellow star,208.00,208.00,1,0.00,208.00
FV,Dresses,Jessie Mini Blue stars 2 ,208.00,208.00,1,0.00,208.00
FV,Dresses,Kona Midi Mauka  0 ,208.00,208.00,1,0.00,208.00
FV,Dresses,Kona Midi Mauka  10,208.00,208.00,1,0.00,208.00
FV,Dresses,Lila Maxi 0  Mint,208.00,208.00,1,0.00,208.00
FV,Dresses,Lila Maxi 14 Mint,208.00,208.00,1,0.00,208.00
FV,Dresses,Lila Maxi 2  Mint,208.00,208.00,1,0.00,208.00
FV,Dresses,Lila Maxi 4  Mint,208.00,208.00,1,0.00,208.00
FV,Dresses,Morganite Maxi 0  Black,208.00,208.00,1,0.00,208.00
FV,Dresses,Morganite Maxi 14 Black,208.00,208.00,1,0.00,208.00
FV,Dresses,Roselanh Midi Black 0 ,208.00,208.00,1,0.00,208.00
FV,Dresses,Roselanh Midi Black 10,208.00,208.00,1,0.00,208.00
FV,Dresses,Roselanh Midi Black 12,208.00,208.00,1,0.00,208.00
FV,Dresses,Roselanh Midi Black 14,208.00,208.00,1,0.00,208.00
FV,Dresses,Roselanh Midi Black 6 ,208.00,208.00,1,0.00,208.00
FV,Dresses,Roselanh Midi Black 8 ,208.00,208.00,1,0.00,208.00
FV,Dresses,Roselanh Midi Cherry 12,208.00,208.00,1,0.00,208.00
FV,Dresses,Roselanh Midi Cherry 14,208.00,208.00,1,0.00,208.00
FV,Dresses,Roselanh Midi Cherry 2 ,208.00,208.00,1,0.00,208.00
FV,Dresses,Roselanh Midi Cherry 4 ,208.00,208.00,1,0.00,208.00
FV,Dresses,Roselanh Midi Cherry 6 ,208.00,208.00,1,0.00,208.00
FV,Dresses,Roselanh Midi Cherry 8 ,208.00,208.00,1,0.00,208.00
FV,Dresses,Sedona Midi Black 8 ,208.00,208.00,1,0.00,208.00
FV,Dresses,Val Midi Black chiffon 0 ,208.00,208.00,1,0.00,208.00
FV,Dresses,Val Midi Black chiffon 6 ,208.00,208.00,1,0.00,208.00
FV,Dresses,Val Midi Black chiffon 8 ,208.00,208.00,1,0.00,208.00
FV,Dresses,Val Midi Moonlit 2 ,208.00,208.00,1,0.00,208.00
FV,Dresses,Val Midi White 10,208.00,208.00,1,0.00,208.00
FV,Dresses,Val Midi White 12,208.00,208.00,1,0.00,208.00
FV,Dresses,Val Midi White 2 ,208.00,208.00,1,0.00,208.00
FV,Dresses,Val Midi White 6 ,208.00,208.00,1,0.00,208.00
FV,Dresses,Val Midi White 8 ,208.00,208.00,1,0.00,208.00
FV,Dresses,Valerie Maxi 0  Black chiffon,208.00,208.00,1,0.00,208.00
FV,Dresses,Valerie Maxi 0  Blue jay,208.00,208.00,1,0.00,208.00
FV,Dresses,Valerie Maxi 0  Sunset,208.00,208.00,1,0.00,208.00
FV,Dresses,Valerie Maxi 0  White,208.00,208.00,1,0.00,208.00
FV,Dresses,Valerie Maxi 10 Sunset,208.00,208.00,1,0.00,208.00
FV,Dresses,Valerie Maxi 14 Black chiffon,208.00,208.00,1,0.00,208.00
FV,Dresses,Valerie Maxi 2  Blue jay,208.00,208.00,1,0.00,208.00
FV,Dresses,Valerie Maxi 2  White,208.00,208.00,1,0.00,208.00
FV,Dresses,Valerie Maxi 4  Black chiffon,208.00,208.00,1,0.00,208.00
FV,Dresses,Yasmine Midi Emerald 2 ,208.00,208.00,1,0.00,208.00
FV,Dresses,Zoe Midi 4  Winter,208.00,208.00,1,0.00,208.00
FV,Dresses,Zoe Midi 8  Winter,208.00,208.00,1,0.00,208.00
FV,Dresses,Megan Halter Mini 0  Blue lake,296.00,207.20,2,-88.80,103.60
FV,Dresses,Miles Mini 4  Azaleas,316.00,205.40,2,-110.60,102.70
FV,Dresses,Noelle Maxi Slip Azure 4,228.00,205.20,1,-22.80,205.20
FV,Dresses,Adele Midi 0  Crimson,198.00,198.00,1,0.00,198.00
FV,Dresses,Adele Midi 6  Crimson,198.00,198.00,1,0.00,198.00
FV,Dresses,Chun Li Ao Dai Final Sale 4  Mint blossom,198.00,198.00,1,0.00,198.00
FV,Dresses,Chun Li Midi Dress Red blossom 0 ,396.00,198.00,2,-9.90,198.00
FV,Dresses,Chun Li Midi Dress Red blossom 6 ,198.00,198.00,1,0.00,198.00
FV,Dresses,Gabriella Midi 0  Jasmine,198.00,198.00,1,0.00,198.00
FV,Dresses,Gabrielle Midi Begonias 4 ,198.00,198.00,1,0.00,198.00
FV,Dresses,Hazel Midi English rose 0,198.00,198.00,1,0.00,198.00
FV,Dresses,Lan Ao Dai Final Sale 8  Botanic garden,198.00,198.00,1,0.00,198.00
FV,Dresses,Lane Mini 8  Indigo,198.00,198.00,1,0.00,198.00
FV,Dresses,Linh Ao Dai Final Sale Tea rose 0 ,198.00,198.00,1,0.00,198.00
FV,Dresses,Linh Ao Dai Final Sale Tea rose 4 ,198.00,198.00,1,0.00,198.00
FV,Dresses,Linh Ao Dai Final Sale Tea rose 6 ,198.00,198.00,1,0.00,198.00
FV,Dresses,Linh Ao Dai Final Sale Tea rose 8 ,198.00,198.00,1,0.00,198.00
FV,Dresses,Mai Linh Midi Grapevine 0 ,198.00,198.00,1,0.00,198.00
FV,Dresses,Sofia Mini Brownstone 4 ,198.00,198.00,1,0.00,198.00
FV,Dresses,Solstice Mini 0  French rose,198.00,198.00,1,0.00,198.00
FV,Dresses,Solstice Mini 12 Aster,198.00,198.00,1,0.00,198.00
FV,Dresses,Solstice Mini 4  Aster,198.00,198.00,1,0.00,198.00
FV,Dresses,Solstice Mini 4  French rose,198.00,198.00,1,0.00,198.00
FV,Dresses,Solstice Mini 6  Aster,198.00,198.00,1,0.00,198.00
FV,Dresses,Suki Pleated Mini Picnic 0 ,198.00,198.00,1,0.00,198.00
FV,Dresses,Suki Pleated Mini Picnic 4 ,198.00,198.00,1,0.00,198.00
FV,Dresses,Val Midi Cocoa 0 ,198.00,198.00,1,0.00,198.00
FV,Dresses,Val Midi Wild peony 0 ,198.00,198.00,1,0.00,198.00
FV,Dresses,Valencia Midi Plum 2 ,198.00,198.00,1,0.00,198.00
FV,Dresses,Valentina Midi 0  Fern,198.00,198.00,1,0.00,198.00
FV,Dresses,Valerie Maxi 0  Fuchsia,198.00,198.00,1,0.00,198.00
FV,Dresses,Kona Midi Mauka  4 ,208.00,197.60,1,-10.40,197.60
FV,Dresses,DD MOP Necklace,196.00,196.00,2,0.00,98.00
FV,Dresses,Solstice  Midi  0  Cinnamon,228.00,193.80,1,-34.20,193.80
FV,Dresses,Miles Mini 10 Azaleas,316.00,189.60,2,-126.40,94.80
FV,Dresses,Rylee Mini 8  Black chiffon,316.00,189.60,2,-126.40,94.80
FV,Dresses,Antique Rose Midi 2 Dusk,188.00,188.00,1,0.00,188.00
FV,Dresses,Chun Li Mini Brownstone 0 ,188.00,188.00,1,0.00,188.00
FV,Dresses,Chun Li Mini Brownstone 4 ,188.00,188.00,1,0.00,188.00
FV,Dresses,Jessie Mini Blue stars 0 ,188.00,188.00,1,0.00,188.00
FV,Dresses,Jessie Mini Blue stars 4 ,188.00,188.00,1,0.00,188.00
FV,Dresses,Jessie Mini Scarlet hearts 10,188.00,188.00,1,0.00,188.00
FV,Dresses,Poinsettia Midi 4,188.00,188.00,1,0.00,188.00
FV,Dresses,Julie Halter Maxi 0  Violet,208.00,187.20,1,-20.80,187.20
FV,Dresses,Val Midi White 14,208.00,187.20,1,-20.80,187.20
FV,Dresses,Sedona Midi Naples 0 ,218.00,185.30,1,-32.70,185.30
FV,Dresses,Everly Mini 12 Swan,188.00,178.60,1,-9.40,178.60
FV,Dresses,Agatha Midi,198.00,178.20,1,-19.80,178.20
FV,Dresses,Aqua Floral Midi 2,198.00,178.20,1,-19.80,178.20
FV,Dresses,Colette Midi Seashell 0,198.00,178.20,1,-19.80,178.20
FV,Dresses,Morgan Midi 12 Baby blue,198.00,178.20,1,-19.80,178.20
FV,Dresses,Val Midi Fuzzy peach 2 ,198.00,178.20,1,-19.80,178.20
FV,Dresses,Bella Mini Key lime 2 ,178.00,178.00,1,0.00,178.00
FV,Dresses,Delina Dress 2  Black chiffon,178.00,178.00,1,0.00,178.00
FV,Dresses,Everly Mini 8  Verona,178.00,178.00,1,0.00,178.00
FV,Dresses,Ivanna Dress Pink flora 4 ,178.00,178.00,1,0.00,178.00
FV,Dresses,Red Hollyhocks Midi 2,178.00,178.00,1,0.00,178.00
FV,Dresses,Red Hollyhocks Midi 4,178.00,178.00,1,0.00,178.00
FV,Dresses,Mai Mini Monet 4 ,296.00,177.60,2,-118.40,88.80
FV,Dresses,Evangelina Maxi 6  Baby blue,208.00,176.80,1,-31.20,176.80
FV,Dresses,Morganite Maxi 4  Buttercream,208.00,176.80,1,-31.20,176.80
FV,Dresses,Val Midi Moonlit 14,208.00,176.80,1,-31.20,176.80
FV,Dresses,Peyton Midi 10 Jasmine,218.00,174.40,1,-43.60,174.40
FV,Dresses,Red Vines Dress 2,188.00,169.20,1,-18.80,169.20
FV,Dresses,Adele Mini Northern sky 8 ,168.00,168.00,1,0.00,168.00
FV,Dresses,Chloe Mini Last kiss 8 ,168.00,168.00,1,0.00,168.00
FV,Dresses,Chun Li Mini Forget me not 6 ,168.00,168.00,1,0.00,168.00
FV,Dresses,Chun Li Mini Rouge 2 ,168.00,168.00,1,0.00,168.00
FV,Dresses,Everly Mini 6  Baby blue,168.00,168.00,1,0.00,168.00
FV,Dresses,Faith Mini Snow 4 ,168.00,168.00,1,0.00,168.00
FV,Dresses,Faith Mini Snow 6 ,168.00,168.00,1,0.00,168.00
FV,Dresses,Juliana Mini Pink petals 0 ,168.00,168.00,1,0.00,168.00
FV,Dresses,Juliana Mini Pink petals 2 ,168.00,168.00,1,0.00,168.00
FV,Dresses,Nalea Mini Love letters 12,168.00,168.00,1,0.00,168.00
FV,Dresses,Nalea Mini Love letters 2 ,168.00,168.00,1,0.00,168.00
FV,Dresses,Peony Mini Blanc 0 ,168.00,168.00,1,0.00,168.00
FV,Dresses,Peony Mini Blanc 10,168.00,168.00,1,0.00,168.00
FV,Dresses,Peony Mini Blanc 4 ,168.00,168.00,1,0.00,168.00
FV,Dresses,Peony Mini Blanc 8 ,168.00,168.00,1,0.00,168.00
FV,Dresses,Peony Mini Calla 2 ,168.00,168.00,1,0.00,168.00
FV,Dresses,Peony Mini Rouge 2 ,168.00,168.00,1,0.00,168.00
FV,Dresses,Peony Mini Rouge 4 ,168.00,168.00,1,0.00,168.00
FV,Dresses,Peony Mini Rouge 6 ,168.00,168.00,1,0.00,168.00
FV,Dresses,Pixie Mini 0  Nightfall,168.00,168.00,1,0.00,168.00
FV,Dresses,Pixie Mini 8  Nightfall,168.00,168.00,1,0.00,168.00
FV,Dresses,Timeless Mini Blue silk 0 ,168.00,168.00,1,0.00,168.00
FV,Dresses,Timeless Mini Blue silk 4 ,168.00,168.00,1,0.00,168.00
FV,Dresses,Timeless Mini Blue silk 6 ,168.00,168.00,1,0.00,168.00
FV,Dresses,Arwen Maxi Sparrow 2 ,208.00,166.40,1,-41.60,166.40
FV,Dresses,Casey Midi Moonstone 2 ,208.00,166.40,1,-41.60,166.40
FV,Dresses,Ivy Midi 2  Yellow star,208.00,166.40,1,-41.60,166.40
FV,Dresses,Everly Mini 2  Verona,178.00,160.20,1,-17.80,160.20
FV,Dresses,Gabrielle Midi Begonias 6 ,198.00,158.40,1,-39.60,158.40
FV,Dresses,Morgan Midi 2  Lanikai,198.00,158.40,1,-39.60,158.40
FV,Dresses,Rose Midi 0 Whisper,198.00,158.40,1,-39.60,158.40
FV,Dresses,Aanya Mini Teal 8 ,158.00,158.00,1,0.00,158.00
FV,Dresses,Avery Mini 2  Black,158.00,158.00,1,0.00,158.00
FV,Dresses,Avery Mini 4  Black,158.00,158.00,1,0.00,158.00
FV,Dresses,Avery Mini 6  Rose quartz,316.00,158.00,2,-158.00,79.00
FV,Dresses,Brielle Mini Amour 2 ,158.00,158.00,1,0.00,158.00
FV,Dresses,Danielle Mini 0  Cosmo,158.00,158.00,1,0.00,158.00
FV,Dresses,Mai Mini Poppies 4 ,158.00,158.00,1,0.00,158.00
FV,Dresses,Mariella Mini Rain 8/10,158.00,158.00,1,0.00,158.00
FV,Dresses,Peony Mini Black chiffon 0 ,158.00,158.00,1,0.00,158.00
FV,Dresses,Peony Mini Black chiffon 0 ,158.00,158.00,1,0.00,158.00
FV,Dresses,Peony Mini Black chiffon 12,158.00,158.00,1,0.00,158.00
FV,Dresses,Peony Mini Black chiffon 2 ,158.00,158.00,1,0.00,158.00
FV,Dresses,Peony Mini Black chiffon 4 ,316.00,158.00,2,-158.00,79.00
FV,Dresses,Peony Mini Black chiffon 8 ,158.00,158.00,1,0.00,158.00
FV,Dresses,Peony Mini Camellia 0 ,158.00,158.00,1,0.00,158.00
FV,Dresses,Peony Mini Cherry 0 ,158.00,158.00,1,0.00,158.00
FV,Dresses,Peony Mini Cherry 4 ,158.00,158.00,1,0.00,158.00
FV,Dresses,Peony Mini Cherry 8 ,158.00,158.00,1,0.00,158.00
FV,Dresses,Valentina Mini Black chiffon 0 ,158.00,158.00,1,0.00,158.00
FV,Dresses,Everly Mini 6  Verona,178.00,151.30,1,-26.70,151.30
FV,Dresses,Chun Li Mini Brownstone 2 ,188.00,150.40,1,-37.60,150.40
FV,Dresses,Britt Mini Raspberry 6 ,148.00,148.00,1,0.00,148.00
FV,Dresses,Leonne Wrap Mini Satin sky 8,148.00,148.00,1,0.00,148.00
FV,Dresses,Megan Halter Mini 0  Mint rose,148.00,148.00,1,0.00,148.00
FV,Dresses,Brielle Mini Amour 0 ,158.00,142.20,1,-15.80,142.20
FV,Dresses,Danielle Mini 0  Twigs,158.00,142.20,1,-15.80,142.20
FV,Dresses,Oliana Mini 8  Sunset,158.00,142.20,1,-15.80,142.20
FV,Dresses,Selena Mini 12 Fern,158.00,142.20,1,-15.80,142.20
FV,Dresses,Florence Midi Enchantia 0 ,198.00,138.60,1,-59.40,138.60
FV,Dresses,Florence Midi Enchantia 4 ,198.00,138.60,1,-59.40,138.60
FV,Dresses,Peony Mini Blanc 4 ,168.00,134.40,1,-33.60,134.40
FV,Dresses,Avery Mini 12 Black,158.00,134.30,1,-23.70,134.30
FV,Dresses,Peony Mini Black chiffon 6 ,158.00,126.40,1,-31.60,126.40
FV,Dresses,Samantha Mini 2  Coral reef,316.00,126.40,2,-189.60,63.20
FV,Dresses,Valentina Mini Black chiffon 2 ,158.00,126.40,1,-31.60,126.40
FV,Dresses,Ariel Midi,208.00,124.80,1,-83.20,124.80
FV,Dresses,Lila Maxi 2  Silver lace,208.00,124.80,1,-83.20,124.80
FV,Dresses,Angelica Mini 0  Cloudy dreams,168.00,117.60,1,-50.40,117.60
FV,Dresses,Angelica Mini 12 Cloudy dreams,168.00,117.60,1,-50.40,117.60
FV,Dresses,Angelica Mini 6  Cloudy dreams,168.00,117.60,1,-50.40,117.60
FV,Dresses,Wynola Lace Sangria 0 ,228.00,114.00,1,-114.00,114.00
FV,Dresses,Megan Halter Mini 4  Blue lake,148.00,103.60,1,-44.40,103.60
FV,Dresses,Blue Checkers Maxi 6 ,198.00,99.00,1,-99.00,99.00
FV,Dresses,Florence Midi Midnight rose 0 ,198.00,99.00,1,-99.00,99.00
FV,Dresses,Florence Midi Sonora rose 4 ,198.00,99.00,1,-99.00,99.00
FV,Dresses,Gabriella Midi 2  Stone blue,198.00,99.00,1,-99.00,99.00
FV,Dresses,Gabriella Midi 4  Stone blue,198.00,99.00,1,-99.00,99.00
FV,Dresses,Yasmine Midi Snowstorm 0 ,198.00,99.00,1,-99.00,99.00
FV,Dresses,Yasmine Midi Snowstorm 4 ,198.00,99.00,1,-99.00,99.00
FV,Dresses,Evon Mini Lilac 0 ,158.00,94.80,1,-63.20,94.80
FV,Dresses,Evon Mini Lilac 2 ,158.00,94.80,1,-63.20,94.80
FV,Dresses,Evon Mini Lilac 4 ,158.00,94.80,1,-63.20,94.80
FV,Dresses,Evon Mini Lilac 6 ,158.00,94.80,1,-63.20,94.80
FV,Dresses,Rylee Mini 4  Black chiffon,158.00,94.80,1,-63.20,94.80
FV,Dresses,Thao Ao Dai 4  Golden koi Final Sale,158.00,94.80,1,-63.20,94.80
FV,Dresses,Maddison Midi Black,178.00,89.00,1,-89.00,89.00
FV,Dresses,Angelica Mini 12 Black chiffon,168.00,84.00,1,-84.00,84.00
FV,Dresses,Angelica Mini 6  Cherry red,168.00,84.00,1,-84.00,84.00
FV,Dresses,Imani Dress Autumn leaves 0,168.00,84.00,1,-84.00,84.00
FV,Dresses,Imani Dress Autumn leaves 6,168.00,84.00,1,-84.00,84.00
FV,Dresses,Timeless Mini Black dahlia 4 ,168.00,84.00,1,-84.00,84.00
FV,Dresses,Avery Mini 12 Rose quartz,158.00,79.00,1,-79.00,79.00
FV,Dresses,Brielle Mini Cotton candy 2 ,158.00,79.00,1,-79.00,79.00
FV,Dresses,Mai Mini Kelp 6 ,148.00,74.00,1,-74.00,74.00
FV,Dresses,Mai Mini White 8 ,148.00,74.00,1,-74.00,74.00
FV,Dresses,Aanya Mini Wildberry 8 ,158.00,58.00,1,-100.00,58.00
FV,Dresses,Tishelle Midi 10 Winter rose,188.00,56.40,1,-131.60,56.40
FV,Dresses,Tishelle Midi 12 Violet Rose,188.00,56.40,1,-131.60,56.40
FV,Dresses,Tishelle Midi 8  Olive rose,188.00,56.40,1,-131.60,56.40
FV,Dresses,Samantha Mini 8  Coral reef,158.00,47.40,1,-110.60,47.40
FV,Dresses,Carol Velvet Mini Red velvet 6,138.00,41.40,1,-96.60,41.40
FV,Dresses,Chun Li Mini Brownstone 8 ,188.00,0.00,1,-37.60,-
FV,Dresses,Chun Li Mini Pink petals 2 ,168.00,0.00,1,0.00,-
FV,Dresses,Ivanna Dress Pink flora 2 ,178.00,0.00,1,0.00,-
FV,Dresses,Lila Maxi 4  Aster,218.00,0.00,1,-10.90,-
FV,Dresses,Peyton Midi 0  Chateau,218.00,0.00,1,-10.90,-
FV,Dresses,Sofia Mini Brownstone 8 ,198.00,0.00,1,-9.90,-
FV,Dresses,Willow Maxi 0  Buttercream,228.00,0.00,1,0.00,228.00
FV,Uncategorized,Elsa Corset MIDI Narnia 0 ,696.00,696.00,2,0.00,348.00
FV,Uncategorized,Elsa Corset MIDI Narnia 2 ,696.00,696.00,2,0.00,348.00
FV,Uncategorized,Elsa Corset MIDI Narnia 4 ,696.00,696.00,2,0.00,348.00
FV,Uncategorized,Quinn Maxi Kyoto 2 ,416.00,374.40,2,-41.60,187.20
FV,Uncategorized,Elsa Corset Midi 8 Narnia,348.00,348.00,1,0.00,348.00
FV,Uncategorized,Quinn Maxi Kyoto 4 ,208.00,208.00,1,0.00,208.00
FV,Uncategorized,Valerie Maxi 10 Black,208.00,208.00,1,0.00,208.00
FV,Uncategorized,"Valerie Maxi 10, Baby blue (Special Order)",208.00,208.00,1,0.00,208.00
FV,Uncategorized,Zoey Midi 4  Wailea,208.00,208.00,1,0.00,208.00
FV,Uncategorized,Gift Card,200.00,200.00,1,0.00,200.00
FV,Uncategorized,Morgan Midi 2  Lilac,198.00,198.00,1,0.00,198.00
FV,Uncategorized,Solstice Mini 4  French rose,198.00,198.00,1,0.00,198.00
FV,Uncategorized,Jessie Mini 8 Scarlet Hearts,188.00,188.00,1,0.00,188.00
FV,Uncategorized,Sunshine Midi 6 Spring,188.00,188.00,1,0.00,188.00
FV,Uncategorized,Morgan Midi 0  Lilac,198.00,178.20,1,-19.80,178.20
FV,Uncategorized,Quinn Maxi Kyoto 0 ,208.00,166.40,1,-41.60,166.40
FV,Uncategorized,Quinn Maxi Kyoto 6 ,208.00,166.40,1,-41.60,166.40
FV,Uncategorized,Quinn Midi 0  Citronella ,208.00,166.40,1,-41.60,166.40
FV,Uncategorized,Quinn Midi 2  Citronella ,208.00,166.40,1,-41.60,166.40
FV,Uncategorized,Quinn Midi 2  Venice,208.00,166.40,1,-41.60,166.40
FV,Uncategorized,Handmade Tote Set,152.00,152.00,4,0.00,38.00
FV,Uncategorized,Athena Lace Maxi 4 Alba,150.85,150.85,1,0.00,150.85
FV,Uncategorized,Elsa Corset Midi 0,150.85,150.85,1,0.00,150.85
FV,Uncategorized,Valerie Maxi 6 Sunset,124.12,124.12,1,0.00,124.12
FV,Uncategorized,Malia Lace Maxi 2 Black,118.53,118.53,1,0.00,118.53
FV,Uncategorized,DD Butterfly earrings,118.00,118.00,1,0.00,118.00
FV,Uncategorized,DD Jovanka Bracelet,196.00,98.00,2,-4.90,98.00
FV,Uncategorized,DD Earrings,118.00,94.40,1,-23.60,94.40
FV,Uncategorized,DD Sakura Necklace,88.00,88.00,1,0.00,88.00
FV,Uncategorized,K Crystal Sphere - Dream Amethyst,88.00,88.00,1,0.00,88.00
FV,Uncategorized,Custom Item,83.00,83.00,1,0.00,83.00
FV,Uncategorized,DD 26 Kozue Threader,78.00,78.00,1,0.00,78.00
FV,Uncategorized,Custom Item,73.44,73.44,1,0.00,73.44
FV,Uncategorized,yasmine 0 snowstorm,56.03,56.03,1,0.00,56.03
FV,Uncategorized,Valerie Maxi 4 Love letter,52.63,52.63,1,0.00,52.63
FV,Uncategorized,Quinn Midi 4  Citronella ,208.00,39.73,1,-168.27,39.73
FV,Uncategorized,Floral Bouquet Vase,38.00,38.00,1,0.00,38.00
FV,Uncategorized,moss agate ,35.00,35.00,1,0.00,35.00
FV,Uncategorized,strawberry krystal,26.00,26.00,1,0.00,26.00
FV,Uncategorized,Crysral tower,25.00,25.00,1,0.00,25.00
FV,Uncategorized,Custom Item,22.00,22.00,1,0.00,22.00
FV,Uncategorized,K Crystal - Bunny (Large) Flourite,22.00,22.00,1,0.00,22.00
FV,Uncategorized,K Crystal Cat Luna- Golden Healer,22.00,22.00,1,0.00,22.00
FV,Uncategorized,Custom Item,21.55,21.55,1,0.00,21.55
FV,Uncategorized,Custom Item,21.30,21.30,1,0.00,21.30
FV,Uncategorized,Custom Item,20.00,20.00,1,0.00,20.00
FV,Uncategorized,K crystal Green,19.00,19.00,1,0.00,19.00
FV,Uncategorized,Custom Item,18.00,18.00,1,0.00,18.00
FV,Uncategorized,K Crystal - Bunny Jade,18.00,18.00,1,0.00,18.00
FV,Uncategorized,K Crystal - Duck Moss Agagte,18.00,18.00,1,0.00,18.00
FV,Uncategorized,K Crystal - Duck Rose Quartz,18.00,18.00,1,0.00,18.00
FV,Uncategorized,K Crystal - Bottle Amethyst,15.00,15.00,1,0.00,15.00
FV,Uncategorized,K Crystal - Bunny Agate,15.00,15.00,1,0.00,15.00
FV,Uncategorized,K Crystal - Cat Strawberry Quartz,15.00,15.00,1,0.00,15.00
FV,Uncategorized,K Crystal Hello Kitty - Clear Quartz,15.00,15.00,1,0.00,15.00
FV,Uncategorized,K Crystal My Melody Clear Quartz,15.00,15.00,1,0.00,15.00
FV,Uncategorized,Custom Item,12.00,12.00,1,0.00,12.00
FV,Uncategorized,K Crystal - Bear (Small) Amethyst,12.00,12.00,1,0.00,12.00
FV,Uncategorized,Custom Item,10.00,10.00,1,0.00,10.00
FV,Uncategorized,shipping,10.00,10.00,1,0.00,10.00
FV,Uncategorized,K Crystal - Bunny,8.00,8.00,1,0.00,8.00
FV,Uncategorized,White Rose Pin,5.00,5.00,1,0.00,5.00
FV,Uncategorized,Custom Item,3.00,3.00,1,0.00,3.00
FV,Uncategorized,Custom Item,97.95,0.00,1,0.00,-
FV,Uncategorized,Geanna Corset Midi 0 Smoky quartz,97.95,0.00,1,0.00,-
FV,Jewelry ,DD White Sakura Bracelet S,204.00,204.00,3,0.00,68.00
FV,Jewelry ,DD Sakura Choker 65,198.00,198.00,1,0.00,198.00
FV,Jewelry ,DD White Necklace 66,198.00,198.00,1,0.00,198.00
FV,Jewelry ,DD Crystal Opal Earring,174.00,174.00,3,0.00,58.00
FV,Jewelry ,DD Jessi Necklace,158.00,158.00,1,0.00,158.00
FV,Jewelry ,DD 55 Emi Earrings,216.00,108.00,2,-5.40,108.00
FV,Jewelry ,DD 39 Emari Earrings,98.00,98.00,1,0.00,98.00
FV,Jewelry ,DD 52 Sakura Earrings,98.00,98.00,1,0.00,98.00
FV,Jewelry ,DD Maretta Opal Necklace,98.00,98.00,1,0.00,98.00
FV,Jewelry ,Boho Rosa Rose Quartz Earrings,85.00,85.00,1,0.00,85.00
FV,Jewelry ,DD Joelle Necklace,68.00,68.00,1,0.00,68.00
FV,Jewelry ,DD Julie Bracelet,68.00,68.00,1,0.00,68.00
FV,Jewelry ,DD Kanae Earrings,136.00,68.00,2,-3.40,68.00
FV,Jewelry ,DD Kotoha Earrings,68.00,68.00,1,0.00,68.00
FV,Jewelry ,DD Sakura Leaf Drop Earrings,68.00,68.00,1,0.00,68.00
FV,Jewelry ,DD Star Chalcedony Earrings,68.00,68.00,1,0.00,68.00
FV,Jewelry ,DD White Sakura Neclace,68.00,68.00,1,0.00,68.00
FV,Jewelry ,Boho Boho Daisy Swarovski Pearl Bracelets,65.00,65.00,1,0.00,65.00
FV,Jewelry ,DD 28 Kasimira Earrings,58.00,58.00,1,0.00,58.00
FV,Jewelry ,DD Jacinthe Bracelet,58.00,58.00,1,0.00,58.00
FV,Jewelry ,DD Mairi Necklace,58.00,58.00,1,0.00,58.00
FV,Jewelry ,DD Malvina Necklace,58.00,58.00,1,0.00,58.00
FV,Jewelry ,DD Threader Small Earrings,58.00,58.00,1,0.00,58.00
FV,Jewelry ,DD White Sakra Bracelet,58.00,58.00,1,0.00,58.00
FV,Jewelry ,DD 38 Earrings,58.00,49.30,1,-8.70,49.30
FV,Jewelry ,DD Kotone Huggies Earrings,58.00,49.30,1,-8.70,49.30
FV,Jewelry ,DD Glass Earrings,48.00,48.00,1,0.00,48.00
FV,Jewelry ,DD Jayanthi Bracelet,48.00,48.00,1,0.00,48.00
FV,Jewelry ,DD 27 Gold Bar Kasi Earrings,68.00,0.00,1,-3.40,-
FV,Jewelry ,DD Small Rabbit Necklace,118.00,0.00,1,-5.90,-
FV,Bottoms,Amina Pleated Skirt 2  Black,276.00,276.00,2,0.00,138.00
FV,Bottoms,Melissa Pleated Pants (LONG) Ruby,196.00,196.00,2,0.00,98.00
FV,Bottoms,Amina Pleated Skirt 2  White,138.00,138.00,1,0.00,138.00
FV,Bottoms,Amina Pleated Skirt 6  Navy,138.00,138.00,1,0.00,138.00
FV,Bottoms,Amina Pleated Skirt 8  White,138.00,138.00,1,0.00,138.00
FV,Bottoms,Presley Pleated Mini Skort Ruby 6 ,118.00,118.00,1,0.00,118.00
FV,Bottoms,Melissa Pleated Pants (LONG) Black,98.00,98.00,1,0.00,98.00
FV,Bottoms,Melissa Pleated Pants Mauve,98.00,98.00,1,0.00,98.00
FV,Bottoms,Kris Mini Skort 2  Slate ,108.00,91.80,1,-16.20,91.80
FV,K Crystal,K Crystal Sphere - Pink Amethyst,98.00,98.00,1,0.00,98.00
FV,K Crystal,K Crystal Elephant - Golden Healer,56.00,56.00,1,0.00,56.00
FV,K Crystal,K Crystal Elephant - Flourite,49.00,49.00,1,0.00,49.00
FV,K Crystal,K Crystal - Bunny (Mini) Flourite,47.00,47.00,5,0.00,9.40
FV,K Crystal,K Crystal Mushroom,36.00,36.00,3,0.00,12.00
FV,K Crystal,K Crystal Butterfly - Prehnite,35.00,35.00,1,0.00,35.00
FV,K Crystal,K Crystal Heart (Small) - Amethyst,34.00,34.00,2,0.00,17.00
FV,K Crystal,K Crystal Elephant - Rose Quartz,28.00,28.00,1,0.00,28.00
FV,K Crystal,K Crystal Hello Kitty - Howlite,25.00,25.00,1,0.00,25.00
FV,K Crystal,K Crystal Tower - Amethyst (small),15.00,15.00,1,0.00,15.00
FV,K Crystal,K Crystal Bear - Rose Quartz,12.00,12.00,1,0.00,12.00
FV,K Crystal,K Crystal Mini Mushroom,12.00,12.00,4,0.00,3.00
FV,K Crystal,K Crystal Pokemon - Moss Agate,10.00,10.00,1,0.00,10.00
FV,K Crystal,K Crystal Mini - Amethyst,6.00,6.00,2,0.00,3.00
FV,K Crystal,K Crystal Mini - Clear Quartz,6.00,6.00,2,0.00,3.00
FV,Accessories,LA Rings,304.00,276.00,12,-28.00,23.00
FV,Accessories,Silicone Bra,32.00,32.00,1,0.00,32.00
FV,Boho Moon Art,Boho Daisy Swarovski Pearl Necklace,170.00,170.00,2,0.00,85.00
